order_id,is_returned,return_reason,return_days_after_delivery
O1,0,NONE,0
O2,1,DAMAGED_IN_TRANSIT,3
O3,1,WRONG_ITEM,7
O4,0,NONE,0
O5,0,NONE,0
O6,1,CHANGED_MIND,5
O7,0,NONE,0
O8,1,SIZE_FIT_ISSUE,2
O9,0,NONE,0
O10,0,NONE,0
O11,0,NONE,0
O12,0,NONE,0
O13,0,NONE,0
O14,0,NONE,0
O15,0,NONE,0
O16,0,NONE,0
O17,1,DAMAGED_IN_TRANSIT,6
O18,0,NONE,0
O19,0,NONE,0
O20,0,NONE,0
O21,0,NONE,0
O22,0,NONE,0
O23,0,NONE,0
O24,1,NO_LONGER_NEEDED,2
O25,1,NO_LONGER_NEEDED,7
O26,1,SIZE_FIT_ISSUE,7
O27,0,NONE,0
O28,1,CHANGED_MIND,2
O29,1,SIZE_FIT_ISSUE,9
O30,0,NONE,0
O31,0,NONE,0
O32,0,NONE,0
O33,0,NONE,0
O34,0,NONE,0
O35,0,NONE,0
O36,0,NONE,0
O37,0,NONE,0
O38,0,NONE,0
O39,0,NONE,0
O40,1,DAMAGED_IN_TRANSIT,2
O41,0,NONE,0
O42,0,NONE,0
O43,0,NONE,0
O44,1,CHANGED_MIND,9
O45,0,NONE,0
O46,0,NONE,0
O47,0,NONE,0
O48,1,WRONG_ITEM,6
O49,0,NONE,0
O50,0,NONE,0
O51,0,NONE,0
O52,0,NONE,0
O53,0,NONE,0
O54,1,WRONG_ITEM,6
O55,1,SIZE_FIT_ISSUE,4
O56,0,NONE,0
O57,0,NONE,0
O58,1,DAMAGED_IN_TRANSIT,9
O59,0,NONE,0
O60,1,SIZE_FIT_ISSUE,10
O61,1,CHANGED_MIND,6
O62,0,NONE,0
O63,0,NONE,0
O64,0,NONE,0
O65,1,SIZE_FIT_ISSUE,7
O66,0,NONE,0
O67,0,NONE,0
O68,0,NONE,0
O69,0,NONE,0
O70,0,NONE,0
O71,0,NONE,0
O72,0,NONE,0
O73,0,NONE,0
O74,0,NONE,0
O75,0,NONE,0
O76,1,SIZE_FIT_ISSUE,9
O77,1,DELIVERY_DELAY,5
O78,1,SIZE_FIT_ISSUE,4
O79,1,WRONG_ITEM,1
O80,0,NONE,0
O81,1,NOT_AS_DESCRIBED,8
O82,1,SIZE_FIT_ISSUE,7
O83,0,NONE,0
O84,1,DAMAGED_IN_TRANSIT,2
O85,1,CHANGED_MIND,5
O86,1,NO_LONGER_NEEDED,2
O87,0,NONE,0
O88,0,NONE,0
O89,0,NONE,0
O90,0,NONE,0
O91,0,NONE,0
O92,0,NONE,0
O93,0,NONE,0
O94,0,NONE,0
O95,1,WRONG_ITEM,8
O96,0,NONE,0
O97,0,NONE,0
O98,0,NONE,0
O99,1,CHANGED_MIND,5
O100,0,NONE,0
O101,0,NONE,0
O102,1,NO_LONGER_NEEDED,2
O103,0,NONE,0
O104,0,NONE,0
O105,0,NONE,0
O106,0,NONE,0
O107,0,NONE,0
O108,0,NONE,0
O109,0,NONE,0
O110,0,NONE,0
O111,0,NONE,0
O112,0,NONE,0
O113,0,NONE,0
O114,0,NONE,0
O115,0,NONE,0
O116,0,NONE,0
O117,1,SIZE_FIT_ISSUE,6
O118,0,NONE,0
O119,1,NO_LONGER_NEEDED,10
O120,0,NONE,0
O121,0,NONE,0
O122,0,NONE,0
O123,0,NONE,0
O124,1,NO_LONGER_NEEDED,3
O125,1,NO_LONGER_NEEDED,6
O126,0,NONE,0
O127,1,CHANGED_MIND,4
O128,0,NONE,0
O129,0,NONE,0
O130,0,NONE,0
O131,1,DAMAGED_IN_TRANSIT,4
O132,0,NONE,0
O133,0,NONE,0
O134,0,NONE,0
O135,0,NONE,0
O136,0,NONE,0
O137,1,NO_LONGER_NEEDED,5
O138,1,NO_LONGER_NEEDED,2
O139,0,NONE,0
O140,0,NONE,0
O141,0,NONE,0
O142,0,NONE,0
O143,0,NONE,0
O144,0,NONE,0
O145,0,NONE,0
O146,0,NONE,0
O147,1,NOT_AS_DESCRIBED,5
O148,0,NONE,0
O149,0,NONE,0
O150,0,NONE,0
O151,0,NONE,0
O152,1,NOT_AS_DESCRIBED,5
O153,1,SIZE_FIT_ISSUE,4
O154,0,NONE,0
O155,1,NOT_AS_DESCRIBED,3
O156,1,NOT_AS_DESCRIBED,8
O157,0,NONE,0
O158,0,NONE,0
O159,1,CHANGED_MIND,1
O160,0,NONE,0
O161,0,NONE,0
O162,0,NONE,0
O163,0,NONE,0
O164,0,NONE,0
O165,0,NONE,0
O166,0,NONE,0
O167,0,NONE,0
O168,0,NONE,0
O169,0,NONE,0
O170,0,NONE,0
O171,0,NONE,0
O172,0,NONE,0
O173,0,NONE,0
O174,1,SIZE_FIT_ISSUE,10
O175,1,DELIVERY_DELAY,7
O176,0,NONE,0
O177,0,NONE,0
O178,0,NONE,0
O179,1,CHANGED_MIND,2
O180,0,NONE,0
O181,0,NONE,0
O182,1,NO_LONGER_NEEDED,8
O183,0,NONE,0
O184,0,NONE,0
O185,1,DAMAGED_IN_TRANSIT,2
O186,0,NONE,0
O187,1,SIZE_FIT_ISSUE,5
O188,1,QUALITY_DEFECT,6
O189,1,NO_LONGER_NEEDED,9
O190,0,NONE,0
O191,1,NO_LONGER_NEEDED,8
O192,1,SIZE_FIT_ISSUE,1
O193,0,NONE,0
O194,1,WRONG_ITEM,5
O195,0,NONE,0
O196,1,SIZE_FIT_ISSUE,5
O197,0,NONE,0
O198,0,NONE,0
O199,0,NONE,0
O200,1,CHANGED_MIND,3
O201,0,NONE,0
O202,0,NONE,0
O203,0,NONE,0
O204,1,QUALITY_DEFECT,8
O205,0,NONE,0
O206,1,DAMAGED_IN_TRANSIT,9
O207,1,SIZE_FIT_ISSUE,4
O208,1,NO_LONGER_NEEDED,7
O209,0,NONE,0
O210,1,WRONG_ITEM,10
O211,1,NO_LONGER_NEEDED,10
O212,0,NONE,0
O213,1,NO_LONGER_NEEDED,6
O214,1,NO_LONGER_NEEDED,5
O215,1,QUALITY_DEFECT,2
O216,0,NONE,0
O217,1,QUALITY_DEFECT,4
O218,1,CHANGED_MIND,3
O219,0,NONE,0
O220,1,SIZE_FIT_ISSUE,8
O221,0,NONE,0
O222,0,NONE,0
O223,1,SIZE_FIT_ISSUE,1
O224,0,NONE,0
O225,1,CHANGED_MIND,7
O226,0,NONE,0
O227,1,NO_LONGER_NEEDED,10
O228,1,NOT_AS_DESCRIBED,6
O229,1,CHANGED_MIND,2
O230,1,SIZE_FIT_ISSUE,5
O231,1,DAMAGED_IN_TRANSIT,4
O232,0,NONE,0
O233,1,SIZE_FIT_ISSUE,5
O234,1,SIZE_FIT_ISSUE,3
O235,1,NO_LONGER_NEEDED,6
O236,0,NONE,0
O237,0,NONE,0
O238,1,NOT_AS_DESCRIBED,8
O239,0,NONE,0
O240,1,DELIVERY_DELAY,2
O241,0,NONE,0
O242,0,NONE,0
O243,0,NONE,0
O244,0,NONE,0
O245,0,NONE,0
O246,0,NONE,0
O247,0,NONE,0
O248,1,SIZE_FIT_ISSUE,2
O249,0,NONE,0
O250,0,NONE,0
O251,0,NONE,0
O252,1,SIZE_FIT_ISSUE,5
O253,0,NONE,0
O254,0,NONE,0
O255,1,SIZE_FIT_ISSUE,5
O256,1,DELIVERY_DELAY,5
O257,0,NONE,0
O258,1,WRONG_ITEM,3
O259,0,NONE,0
O260,0,NONE,0
O261,1,SIZE_FIT_ISSUE,2
O262,1,CHANGED_MIND,1
O263,0,NONE,0
O264,0,NONE,0
O265,1,CHANGED_MIND,2
O266,0,NONE,0
O267,0,NONE,0
O268,0,NONE,0
O269,0,NONE,0
O270,1,SIZE_FIT_ISSUE,2
O271,0,NONE,0
O272,0,NONE,0
O273,0,NONE,0
O274,0,NONE,0
O275,0,NONE,0
O276,0,NONE,0
O277,0,NONE,0
O278,0,NONE,0
O279,1,WRONG_ITEM,8
O280,0,NONE,0
O281,1,SIZE_FIT_ISSUE,7
O282,0,NONE,0
O283,0,NONE,0
O284,1,WRONG_ITEM,9
O285,0,NONE,0
O286,0,NONE,0
O287,0,NONE,0
O288,1,CHANGED_MIND,5
O289,1,DAMAGED_IN_TRANSIT,3
O290,0,NONE,0
O291,0,NONE,0
O292,0,NONE,0
O293,0,NONE,0
O294,0,NONE,0
O295,0,NONE,0
O296,0,NONE,0
O297,0,NONE,0
O298,0,NONE,0
O299,0,NONE,0
O300,1,CHANGED_MIND,4
O301,1,SIZE_FIT_ISSUE,7
O302,0,NONE,0
O303,1,SIZE_FIT_ISSUE,5
O304,0,NONE,0
O305,1,SIZE_FIT_ISSUE,1
O306,0,NONE,0
O307,1,QUALITY_DEFECT,1
O308,0,NONE,0
O309,1,QUALITY_DEFECT,9
O310,1,NOT_AS_DESCRIBED,2
O311,0,NONE,0
O312,0,NONE,0
O313,0,NONE,0
O314,0,NONE,0
O315,0,NONE,0
O316,0,NONE,0
O317,0,NONE,0
O318,0,NONE,0
O319,0,NONE,0
O320,0,NONE,0
O321,0,NONE,0
O322,0,NONE,0
O323,0,NONE,0
O324,1,QUALITY_DEFECT,10
O325,1,SIZE_FIT_ISSUE,7
O326,0,NONE,0
O327,1,DELIVERY_DELAY,6
O328,1,QUALITY_DEFECT,6
O329,1,CHANGED_MIND,2
O330,0,NONE,0
O331,0,NONE,0
O332,0,NONE,0
O333,0,NONE,0
O334,0,NONE,0
O335,0,NONE,0
O336,0,NONE,0
O337,0,NONE,0
O338,1,QUALITY_DEFECT,2
O339,0,NONE,0
O340,0,NONE,0
O341,0,NONE,0
O342,1,NOT_AS_DESCRIBED,6
O343,0,NONE,0
O344,0,NONE,0
O345,0,NONE,0
O346,0,NONE,0
O347,1,NO_LONGER_NEEDED,7
O348,0,NONE,0
O349,0,NONE,0
O350,0,NONE,0
O351,0,NONE,0
O352,0,NONE,0
O353,0,NONE,0
O354,0,NONE,0
O355,0,NONE,0
O356,0,NONE,0
O357,1,CHANGED_MIND,7
O358,1,NO_LONGER_NEEDED,2
O359,0,NONE,0
O360,1,SIZE_FIT_ISSUE,4
O361,0,NONE,0
O362,0,NONE,0
O363,1,CHANGED_MIND,7
O364,0,NONE,0
O365,0,NONE,0
O366,0,NONE,0
O367,1,QUALITY_DEFECT,4
O368,0,NONE,0
O369,0,NONE,0
O370,1,DAMAGED_IN_TRANSIT,7
O371,0,NONE,0
O372,0,NONE,0
O373,1,DAMAGED_IN_TRANSIT,1
O374,0,NONE,0
O375,0,NONE,0
O376,1,DAMAGED_IN_TRANSIT,6
O377,0,NONE,0
O378,0,NONE,0
O379,0,NONE,0
O380,1,CHANGED_MIND,5
O381,1,DAMAGED_IN_TRANSIT,8
O382,1,WRONG_ITEM,10
O383,0,NONE,0
O384,0,NONE,0
O385,0,NONE,0
O386,1,NO_LONGER_NEEDED,4
O387,0,NONE,0
O388,0,NONE,0
O389,0,NONE,0
O390,1,SIZE_FIT_ISSUE,3
O391,0,NONE,0
O392,1,CHANGED_MIND,6
O393,0,NONE,0
O394,0,NONE,0
O395,0,NONE,0
O396,0,NONE,0
O397,0,NONE,0
O398,0,NONE,0
O399,0,NONE,0
O400,0,NONE,0
O401,0,NONE,0
O402,0,NONE,0
O403,0,NONE,0
O404,0,NONE,0
O405,0,NONE,0
O406,1,SIZE_FIT_ISSUE,1
O407,1,SIZE_FIT_ISSUE,3
O408,0,NONE,0
O409,0,NONE,0
O410,1,SIZE_FIT_ISSUE,6
O411,0,NONE,0
O412,1,SIZE_FIT_ISSUE,5
O413,0,NONE,0
O414,0,NONE,0
O415,0,NONE,0
O416,1,NOT_AS_DESCRIBED,5
O417,1,NO_LONGER_NEEDED,7
O418,1,SIZE_FIT_ISSUE,3
O419,0,NONE,0
O420,0,NONE,0
O421,0,NONE,0
O422,0,NONE,0
O423,0,NONE,0
O424,0,NONE,0
O425,0,NONE,0
O426,0,NONE,0
O427,1,NOT_AS_DESCRIBED,10
O428,0,NONE,0
O429,1,NO_LONGER_NEEDED,4
O430,1,SIZE_FIT_ISSUE,2
O431,0,NONE,0
O432,0,NONE,0
O433,0,NONE,0
O434,0,NONE,0
O435,1,SIZE_FIT_ISSUE,9
O436,0,NONE,0
O437,0,NONE,0
O438,0,NONE,0
O439,1,WRONG_ITEM,5
O440,0,NONE,0
O441,0,NONE,0
O442,1,NO_LONGER_NEEDED,7
O443,0,NONE,0
O444,1,CHANGED_MIND,3
O445,0,NONE,0
O446,1,NO_LONGER_NEEDED,7
O447,0,NONE,0
O448,1,SIZE_FIT_ISSUE,9
O449,0,NONE,0
O450,0,NONE,0
O451,0,NONE,0
O452,1,DAMAGED_IN_TRANSIT,3
O453,0,NONE,0
O454,0,NONE,0
O455,0,NONE,0
O456,0,NONE,0
O457,0,NONE,0
O458,0,NONE,0
O459,0,NONE,0
O460,0,NONE,0
O461,0,NONE,0
O462,0,NONE,0
O463,0,NONE,0
O464,0,NONE,0
O465,0,NONE,0
O466,1,WRONG_ITEM,7
O467,1,NOT_AS_DESCRIBED,5
O468,0,NONE,0
O469,0,NONE,0
O470,0,NONE,0
O471,1,SIZE_FIT_ISSUE,10
O472,0,NONE,0
O473,0,NONE,0
O474,0,NONE,0
O475,0,NONE,0
O476,1,WRONG_ITEM,8
O477,1,WRONG_ITEM,7
O478,0,NONE,0
O479,0,NONE,0
O480,0,NONE,0
O481,0,NONE,0
O482,0,NONE,0
O483,1,NO_LONGER_NEEDED,9
O484,0,NONE,0
O485,0,NONE,0
O486,1,WRONG_ITEM,4
O487,0,NONE,0
O488,0,NONE,0
O489,0,NONE,0
O490,1,WRONG_ITEM,7
O491,0,NONE,0
O492,0,NONE,0
O493,0,NONE,0
O494,0,NONE,0
O495,0,NONE,0
O496,0,NONE,0
O497,0,NONE,0
O498,0,NONE,0
O499,0,NONE,0
O500,1,CHANGED_MIND,6
O501,0,NONE,0
O502,1,WRONG_ITEM,6
O503,0,NONE,0
O504,0,NONE,0
O505,1,DAMAGED_IN_TRANSIT,5
O506,1,SIZE_FIT_ISSUE,1
O507,0,NONE,0
O508,1,QUALITY_DEFECT,4
O509,0,NONE,0
O510,1,NO_LONGER_NEEDED,2
O511,0,NONE,0
O512,0,NONE,0
O513,0,NONE,0
O514,0,NONE,0
O515,0,NONE,0
O516,0,NONE,0
O517,1,CHANGED_MIND,7
O518,1,CHANGED_MIND,2
O519,0,NONE,0
O520,1,NO_LONGER_NEEDED,3
O521,1,DAMAGED_IN_TRANSIT,4
O522,0,NONE,0
O523,0,NONE,0
O524,0,NONE,0
O525,0,NONE,0
O526,0,NONE,0
O527,1,CHANGED_MIND,4
O528,0,NONE,0
O529,0,NONE,0
O530,0,NONE,0
O531,1,CHANGED_MIND,9
O532,1,CHANGED_MIND,3
O533,1,SIZE_FIT_ISSUE,10
O534,0,NONE,0
O535,0,NONE,0
O536,1,NO_LONGER_NEEDED,10
O537,0,NONE,0
O538,1,NO_LONGER_NEEDED,6
O539,0,NONE,0
O540,0,NONE,0
O541,1,NOT_AS_DESCRIBED,7
O542,0,NONE,0
O543,0,NONE,0
O544,0,NONE,0
O545,1,WRONG_ITEM,9
O546,1,DAMAGED_IN_TRANSIT,10
O547,0,NONE,0
O548,0,NONE,0
O549,0,NONE,0
O550,0,NONE,0
O551,0,NONE,0
O552,0,NONE,0
O553,0,NONE,0
O554,1,NO_LONGER_NEEDED,5
O555,0,NONE,0
O556,1,SIZE_FIT_ISSUE,3
O557,0,NONE,0
O558,0,NONE,0
O559,0,NONE,0
O560,1,SIZE_FIT_ISSUE,1
O561,0,NONE,0
O562,0,NONE,0
O563,0,NONE,0
O564,0,NONE,0
O565,0,NONE,0
O566,1,SIZE_FIT_ISSUE,3
O567,0,NONE,0
O568,1,SIZE_FIT_ISSUE,7
O569,0,NONE,0
O570,0,NONE,0
O571,0,NONE,0
O572,1,SIZE_FIT_ISSUE,5
O573,0,NONE,0
O574,1,NO_LONGER_NEEDED,1
O575,0,NONE,0
O576,1,DAMAGED_IN_TRANSIT,9
O577,0,NONE,0
O578,0,NONE,0
O579,1,DAMAGED_IN_TRANSIT,6
O580,0,NONE,0
O581,0,NONE,0
O582,1,DAMAGED_IN_TRANSIT,2
O583,1,SIZE_FIT_ISSUE,4
O584,1,SIZE_FIT_ISSUE,6
O585,0,NONE,0
O586,1,WRONG_ITEM,8
O587,0,NONE,0
O588,0,NONE,0
O589,0,NONE,0
O590,0,NONE,0
O591,0,NONE,0
O592,0,NONE,0
O593,0,NONE,0
O594,1,CHANGED_MIND,3
O595,0,NONE,0
O596,1,DAMAGED_IN_TRANSIT,8
O597,1,NO_LONGER_NEEDED,3
O598,0,NONE,0
O599,0,NONE,0
O600,0,NONE,0
O601,1,SIZE_FIT_ISSUE,10
O602,0,NONE,0
O603,0,NONE,0
O604,0,NONE,0
O605,1,CHANGED_MIND,1
O606,0,NONE,0
O607,0,NONE,0
O608,1,WRONG_ITEM,6
O609,1,SIZE_FIT_ISSUE,6
O610,0,NONE,0
O611,1,SIZE_FIT_ISSUE,3
O612,1,SIZE_FIT_ISSUE,6
O613,0,NONE,0
O614,1,NO_LONGER_NEEDED,2
O615,0,NONE,0
O616,0,NONE,0
O617,1,SIZE_FIT_ISSUE,6
O618,0,NONE,0
O619,0,NONE,0
O620,1,SIZE_FIT_ISSUE,9
O621,0,NONE,0
O622,0,NONE,0
O623,0,NONE,0
O624,0,NONE,0
O625,1,SIZE_FIT_ISSUE,10
O626,0,NONE,0
O627,1,SIZE_FIT_ISSUE,10
O628,1,CHANGED_MIND,3
O629,0,NONE,0
O630,0,NONE,0
O631,0,NONE,0
O632,0,NONE,0
O633,0,NONE,0
O634,1,WRONG_ITEM,1
O635,0,NONE,0
O636,0,NONE,0
O637,0,NONE,0
O638,0,NONE,0
O639,1,NO_LONGER_NEEDED,9
O640,0,NONE,0
O641,1,CHANGED_MIND,1
O642,0,NONE,0
O643,0,NONE,0
O644,0,NONE,0
O645,0,NONE,0
O646,1,DAMAGED_IN_TRANSIT,2
O647,0,NONE,0
O648,1,DAMAGED_IN_TRANSIT,4
O649,1,NO_LONGER_NEEDED,7
O650,1,NO_LONGER_NEEDED,3
O651,1,DAMAGED_IN_TRANSIT,2
O652,1,NOT_AS_DESCRIBED,6
O653,0,NONE,0
O654,0,NONE,0
O655,1,CHANGED_MIND,10
O656,0,NONE,0
O657,0,NONE,0
O658,0,NONE,0
O659,1,SIZE_FIT_ISSUE,10
O660,1,CHANGED_MIND,8
O661,0,NONE,0
O662,0,NONE,0
O663,1,NO_LONGER_NEEDED,2
O664,0,NONE,0
O665,1,DAMAGED_IN_TRANSIT,2
O666,0,NONE,0
O667,1,SIZE_FIT_ISSUE,1
O668,0,NONE,0
O669,0,NONE,0
O670,0,NONE,0
O671,0,NONE,0
O672,0,NONE,0
O673,0,NONE,0
O674,0,NONE,0
O675,1,NO_LONGER_NEEDED,10
O676,0,NONE,0
O677,0,NONE,0
O678,0,NONE,0
O679,0,NONE,0
O680,0,NONE,0
O681,0,NONE,0
O682,1,NO_LONGER_NEEDED,5
O683,0,NONE,0
O684,0,NONE,0
O685,0,NONE,0
O686,0,NONE,0
O687,0,NONE,0
O688,0,NONE,0
O689,0,NONE,0
O690,1,NOT_AS_DESCRIBED,7
O691,0,NONE,0
O692,0,NONE,0
O693,0,NONE,0
O694,0,NONE,0
O695,1,QUALITY_DEFECT,3
O696,1,SIZE_FIT_ISSUE,2
O697,0,NONE,0
O698,0,NONE,0
O699,0,NONE,0
O700,0,NONE,0
O701,1,DAMAGED_IN_TRANSIT,10
O702,0,NONE,0
O703,1,WRONG_ITEM,4
O704,1,WRONG_ITEM,10
O705,1,NO_LONGER_NEEDED,1
O706,1,CHANGED_MIND,4
O707,1,NO_LONGER_NEEDED,5
O708,0,NONE,0
O709,0,NONE,0
O710,1,SIZE_FIT_ISSUE,10
O711,1,WRONG_ITEM,10
O712,1,QUALITY_DEFECT,8
O713,0,NONE,0
O714,0,NONE,0
O715,1,CHANGED_MIND,2
O716,1,SIZE_FIT_ISSUE,7
O717,0,NONE,0
O718,0,NONE,0
O719,0,NONE,0
O720,1,CHANGED_MIND,5
O721,0,NONE,0
O722,0,NONE,0
O723,1,NO_LONGER_NEEDED,4
O724,1,CHANGED_MIND,6
O725,0,NONE,0
O726,0,NONE,0
O727,1,NO_LONGER_NEEDED,4
O728,0,NONE,0
O729,1,QUALITY_DEFECT,1
O730,0,NONE,0
O731,1,SIZE_FIT_ISSUE,2
O732,1,CHANGED_MIND,1
O733,0,NONE,0
O734,0,NONE,0
O735,0,NONE,0
O736,0,NONE,0
O737,0,NONE,0
O738,1,SIZE_FIT_ISSUE,4
O739,0,NONE,0
O740,0,NONE,0
O741,0,NONE,0
O742,0,NONE,0
O743,0,NONE,0
O744,0,NONE,0
O745,1,NO_LONGER_NEEDED,8
O746,0,NONE,0
O747,0,NONE,0
O748,1,NO_LONGER_NEEDED,4
O749,0,NONE,0
O750,1,SIZE_FIT_ISSUE,8
O751,1,CHANGED_MIND,3
O752,1,DAMAGED_IN_TRANSIT,8
O753,1,WRONG_ITEM,8
O754,0,NONE,0
O755,0,NONE,0
O756,0,NONE,0
O757,0,NONE,0
O758,0,NONE,0
O759,0,NONE,0
O760,0,NONE,0
O761,1,NO_LONGER_NEEDED,7
O762,0,NONE,0
O763,0,NONE,0
O764,1,NO_LONGER_NEEDED,10
O765,0,NONE,0
O766,0,NONE,0
O767,0,NONE,0
O768,1,SIZE_FIT_ISSUE,6
O769,0,NONE,0
O770,0,NONE,0
O771,0,NONE,0
O772,0,NONE,0
O773,0,NONE,0
O774,1,CHANGED_MIND,9
O775,0,NONE,0
O776,0,NONE,0
O777,0,NONE,0
O778,1,CHANGED_MIND,3
O779,0,NONE,0
O780,0,NONE,0
O781,0,NONE,0
O782,0,NONE,0
O783,1,CHANGED_MIND,1
O784,0,NONE,0
O785,0,NONE,0
O786,1,CHANGED_MIND,4
O787,1,CHANGED_MIND,3
O788,0,NONE,0
O789,1,QUALITY_DEFECT,6
O790,0,NONE,0
O791,0,NONE,0
O792,1,CHANGED_MIND,2
O793,0,NONE,0
O794,0,NONE,0
O795,0,NONE,0
O796,1,CHANGED_MIND,4
O797,0,NONE,0
O798,0,NONE,0
O799,1,QUALITY_DEFECT,8
O800,0,NONE,0
O801,1,SIZE_FIT_ISSUE,8
O802,1,DAMAGED_IN_TRANSIT,2
O803,1,SIZE_FIT_ISSUE,10
O804,0,NONE,0
O805,1,SIZE_FIT_ISSUE,7
O806,1,DELIVERY_DELAY,1
O807,0,NONE,0
O808,0,NONE,0
O809,0,NONE,0
O810,0,NONE,0
O811,0,NONE,0
O812,0,NONE,0
O813,0,NONE,0
O814,0,NONE,0
O815,0,NONE,0
O816,0,NONE,0
O817,0,NONE,0
O818,0,NONE,0
O819,0,NONE,0
O820,0,NONE,0
O821,0,NONE,0
O822,0,NONE,0
O823,1,WRONG_ITEM,9
O824,0,NONE,0
O825,0,NONE,0
O826,0,NONE,0
O827,0,NONE,0
O828,0,NONE,0
O829,1,SIZE_FIT_ISSUE,4
O830,0,NONE,0
O831,1,CHANGED_MIND,6
O832,0,NONE,0
O833,1,CHANGED_MIND,6
O834,0,NONE,0
O835,0,NONE,0
O836,1,CHANGED_MIND,4
O837,0,NONE,0
O838,0,NONE,0
O839,1,NO_LONGER_NEEDED,1
O840,0,NONE,0
O841,0,NONE,0
O842,0,NONE,0
O843,0,NONE,0
O844,1,QUALITY_DEFECT,4
O845,1,CHANGED_MIND,1
O846,1,DAMAGED_IN_TRANSIT,8
O847,0,NONE,0
O848,0,NONE,0
O849,1,CHANGED_MIND,4
O850,0,NONE,0
O851,1,WRONG_ITEM,2
O852,0,NONE,0
O853,0,NONE,0
O854,0,NONE,0
O855,0,NONE,0
O856,1,DAMAGED_IN_TRANSIT,10
O857,0,NONE,0
O858,0,NONE,0
O859,0,NONE,0
O860,0,NONE,0
O861,0,NONE,0
O862,1,DAMAGED_IN_TRANSIT,6
O863,1,CHANGED_MIND,1
O864,1,SIZE_FIT_ISSUE,5
O865,1,DAMAGED_IN_TRANSIT,7
O866,0,NONE,0
O867,0,NONE,0
O868,1,WRONG_ITEM,3
O869,0,NONE,0
O870,0,NONE,0
O871,0,NONE,0
O872,1,WRONG_ITEM,1
O873,0,NONE,0
O874,1,SIZE_FIT_ISSUE,10
O875,0,NONE,0
O876,0,NONE,0
O877,0,NONE,0
O878,0,NONE,0
O879,0,NONE,0
O880,0,NONE,0
O881,1,WRONG_ITEM,3
O882,0,NONE,0
O883,0,NONE,0
O884,0,NONE,0
O885,1,QUALITY_DEFECT,4
O886,0,NONE,0
O887,0,NONE,0
O888,1,DAMAGED_IN_TRANSIT,2
O889,0,NONE,0
O890,0,NONE,0
O891,0,NONE,0
O892,0,NONE,0
O893,0,NONE,0
O894,0,NONE,0
O895,0,NONE,0
O896,0,NONE,0
O897,1,WRONG_ITEM,9
O898,0,NONE,0
O899,0,NONE,0
O900,0,NONE,0
O901,0,NONE,0
O902,1,SIZE_FIT_ISSUE,1
O903,0,NONE,0
O904,0,NONE,0
O905,1,SIZE_FIT_ISSUE,4
O906,0,NONE,0
O907,1,DELIVERY_DELAY,4
O908,0,NONE,0
O909,1,NO_LONGER_NEEDED,3
O910,1,QUALITY_DEFECT,6
O911,1,NO_LONGER_NEEDED,7
O912,1,CHANGED_MIND,8
O913,0,NONE,0
O914,1,DAMAGED_IN_TRANSIT,1
O915,1,SIZE_FIT_ISSUE,7
O916,0,NONE,0
O917,0,NONE,0
O918,0,NONE,0
O919,0,NONE,0
O920,1,SIZE_FIT_ISSUE,3
O921,1,NO_LONGER_NEEDED,6
O922,0,NONE,0
O923,0,NONE,0
O924,1,NO_LONGER_NEEDED,8
O925,0,NONE,0
O926,0,NONE,0
O927,0,NONE,0
O928,1,WRONG_ITEM,7
O929,0,NONE,0
O930,0,NONE,0
O931,0,NONE,0
O932,0,NONE,0
O933,1,CHANGED_MIND,3
O934,0,NONE,0
O935,0,NONE,0
O936,0,NONE,0
O937,0,NONE,0
O938,0,NONE,0
O939,0,NONE,0
O940,1,NO_LONGER_NEEDED,5
O941,1,DAMAGED_IN_TRANSIT,7
O942,1,SIZE_FIT_ISSUE,2
O943,0,NONE,0
O944,0,NONE,0
O945,0,NONE,0
O946,0,NONE,0
O947,0,NONE,0
O948,0,NONE,0
O949,0,NONE,0
O950,1,CHANGED_MIND,9
O951,0,NONE,0
O952,0,NONE,0
O953,0,NONE,0
O954,1,CHANGED_MIND,2
O955,1,SIZE_FIT_ISSUE,10
O956,0,NONE,0
O957,1,SIZE_FIT_ISSUE,2
O958,0,NONE,0
O959,1,NO_LONGER_NEEDED,5
O960,1,SIZE_FIT_ISSUE,5
O961,0,NONE,0
O962,0,NONE,0
O963,0,NONE,0
O964,1,SIZE_FIT_ISSUE,8
O965,0,NONE,0
O966,0,NONE,0
O967,0,NONE,0
O968,0,NONE,0
O969,1,NOT_AS_DESCRIBED,6
O970,1,DAMAGED_IN_TRANSIT,10
O971,0,NONE,0
O972,1,SIZE_FIT_ISSUE,3
O973,0,NONE,0
O974,0,NONE,0
O975,0,NONE,0
O976,1,SIZE_FIT_ISSUE,2
O977,0,NONE,0
O978,0,NONE,0
O979,0,NONE,0
O980,1,NO_LONGER_NEEDED,3
O981,0,NONE,0
O982,1,WRONG_ITEM,1
O983,1,CHANGED_MIND,2
O984,0,NONE,0
O985,0,NONE,0
O986,0,NONE,0
O987,1,WRONG_ITEM,3
O988,0,NONE,0
O989,0,NONE,0
O990,0,NONE,0
O991,0,NONE,0
O992,0,NONE,0
O993,0,NONE,0
O994,1,NO_LONGER_NEEDED,10
O995,1,WRONG_ITEM,6
O996,1,DAMAGED_IN_TRANSIT,4
O997,0,NONE,0
O998,0,NONE,0
O999,1,CHANGED_MIND,7
O1000,1,CHANGED_MIND,8
O1001,1,CHANGED_MIND,10
O1002,0,NONE,0
O1003,0,NONE,0
O1004,0,NONE,0
O1005,1,SIZE_FIT_ISSUE,1
O1006,0,NONE,0
O1007,1,WRONG_ITEM,5
O1008,0,NONE,0
O1009,1,NO_LONGER_NEEDED,1
O1010,0,NONE,0
O1011,0,NONE,0
O1012,0,NONE,0
O1013,1,CHANGED_MIND,6
O1014,1,SIZE_FIT_ISSUE,9
O1015,0,NONE,0
O1016,1,SIZE_FIT_ISSUE,4
O1017,0,NONE,0
O1018,0,NONE,0
O1019,1,SIZE_FIT_ISSUE,8
O1020,0,NONE,0
O1021,1,CHANGED_MIND,7
O1022,0,NONE,0
O1023,0,NONE,0
O1024,1,WRONG_ITEM,10
O1025,1,QUALITY_DEFECT,4
O1026,1,CHANGED_MIND,4
O1027,0,NONE,0
O1028,1,CHANGED_MIND,3
O1029,0,NONE,0
O1030,0,NONE,0
O1031,1,WRONG_ITEM,3
O1032,0,NONE,0
O1033,1,NOT_AS_DESCRIBED,10
O1034,0,NONE,0
O1035,0,NONE,0
O1036,1,SIZE_FIT_ISSUE,8
O1037,0,NONE,0
O1038,0,NONE,0
O1039,0,NONE,0
O1040,0,NONE,0
O1041,0,NONE,0
O1042,1,CHANGED_MIND,3
O1043,1,SIZE_FIT_ISSUE,6
O1044,1,SIZE_FIT_ISSUE,7
O1045,0,NONE,0
O1046,0,NONE,0
O1047,1,QUALITY_DEFECT,10
O1048,0,NONE,0
O1049,0,NONE,0
O1050,1,DAMAGED_IN_TRANSIT,10
O1051,0,NONE,0
O1052,0,NONE,0
O1053,0,NONE,0
O1054,0,NONE,0
O1055,1,WRONG_ITEM,5
O1056,0,NONE,0
O1057,0,NONE,0
O1058,0,NONE,0
O1059,0,NONE,0
O1060,1,CHANGED_MIND,5
O1061,0,NONE,0
O1062,0,NONE,0
O1063,0,NONE,0
O1064,0,NONE,0
O1065,0,NONE,0
O1066,1,NO_LONGER_NEEDED,10
O1067,0,NONE,0
O1068,0,NONE,0
O1069,0,NONE,0
O1070,0,NONE,0
O1071,0,NONE,0
O1072,0,NONE,0
O1073,0,NONE,0
O1074,1,WRONG_ITEM,3
O1075,0,NONE,0
O1076,0,NONE,0
O1077,0,NONE,0
O1078,0,NONE,0
O1079,1,SIZE_FIT_ISSUE,1
O1080,1,DAMAGED_IN_TRANSIT,2
O1081,1,CHANGED_MIND,8
O1082,1,QUALITY_DEFECT,7
O1083,1,DAMAGED_IN_TRANSIT,9
O1084,0,NONE,0
O1085,0,NONE,0
O1086,1,SIZE_FIT_ISSUE,4
O1087,1,WRONG_ITEM,1
O1088,0,NONE,0
O1089,0,NONE,0
O1090,1,NOT_AS_DESCRIBED,7
O1091,0,NONE,0
O1092,1,NO_LONGER_NEEDED,3
O1093,0,NONE,0
O1094,0,NONE,0
O1095,0,NONE,0
O1096,0,NONE,0
O1097,0,NONE,0
O1098,1,NO_LONGER_NEEDED,9
O1099,0,NONE,0
O1100,0,NONE,0
O1101,0,NONE,0
O1102,0,NONE,0
O1103,1,SIZE_FIT_ISSUE,8
O1104,0,NONE,0
O1105,1,QUALITY_DEFECT,3
O1106,0,NONE,0
O1107,0,NONE,0
O1108,1,DAMAGED_IN_TRANSIT,10
O1109,1,NO_LONGER_NEEDED,1
O1110,1,QUALITY_DEFECT,10
O1111,0,NONE,0
O1112,1,SIZE_FIT_ISSUE,6
O1113,0,NONE,0
O1114,0,NONE,0
O1115,1,CHANGED_MIND,5
O1116,0,NONE,0
O1117,0,NONE,0
O1118,0,NONE,0
O1119,0,NONE,0
O1120,0,NONE,0
O1121,1,QUALITY_DEFECT,9
O1122,0,NONE,0
O1123,1,DAMAGED_IN_TRANSIT,2
O1124,0,NONE,0
O1125,0,NONE,0
O1126,0,NONE,0
O1127,0,NONE,0
O1128,1,CHANGED_MIND,7
O1129,1,NOT_AS_DESCRIBED,4
O1130,1,WRONG_ITEM,6
O1131,0,NONE,0
O1132,0,NONE,0
O1133,1,QUALITY_DEFECT,8
O1134,0,NONE,0
O1135,0,NONE,0
O1136,1,CHANGED_MIND,3
O1137,0,NONE,0
O1138,0,NONE,0
O1139,0,NONE,0
O1140,1,DAMAGED_IN_TRANSIT,3
O1141,0,NONE,0
O1142,0,NONE,0
O1143,0,NONE,0
O1144,1,QUALITY_DEFECT,5
O1145,1,WRONG_ITEM,8
O1146,1,SIZE_FIT_ISSUE,7
O1147,0,NONE,0
O1148,1,SIZE_FIT_ISSUE,3
O1149,1,NO_LONGER_NEEDED,6
O1150,0,NONE,0
O1151,1,SIZE_FIT_ISSUE,4
O1152,0,NONE,0
O1153,0,NONE,0
O1154,0,NONE,0
O1155,1,SIZE_FIT_ISSUE,8
O1156,0,NONE,0
O1157,0,NONE,0
O1158,0,NONE,0
O1159,0,NONE,0
O1160,1,NO_LONGER_NEEDED,9
O1161,0,NONE,0
O1162,0,NONE,0
O1163,1,CHANGED_MIND,4
O1164,1,WRONG_ITEM,6
O1165,0,NONE,0
O1166,0,NONE,0
O1167,0,NONE,0
O1168,1,NO_LONGER_NEEDED,4
O1169,0,NONE,0
O1170,0,NONE,0
O1171,1,SIZE_FIT_ISSUE,3
O1172,0,NONE,0
O1173,0,NONE,0
O1174,0,NONE,0
O1175,0,NONE,0
O1176,0,NONE,0
O1177,0,NONE,0
O1178,0,NONE,0
O1179,0,NONE,0
O1180,1,QUALITY_DEFECT,3
O1181,0,NONE,0
O1182,0,NONE,0
O1183,1,SIZE_FIT_ISSUE,2
O1184,1,NOT_AS_DESCRIBED,9
O1185,0,NONE,0
O1186,0,NONE,0
O1187,1,NO_LONGER_NEEDED,1
O1188,0,NONE,0
O1189,0,NONE,0
O1190,1,DELIVERY_DELAY,5
O1191,0,NONE,0
O1192,0,NONE,0
O1193,1,SIZE_FIT_ISSUE,3
O1194,0,NONE,0
O1195,0,NONE,0
O1196,1,NO_LONGER_NEEDED,8
O1197,1,SIZE_FIT_ISSUE,1
O1198,0,NONE,0
O1199,0,NONE,0
O1200,0,NONE,0
O1201,0,NONE,0
O1202,0,NONE,0
O1203,1,WRONG_ITEM,7
O1204,0,NONE,0
O1205,1,DAMAGED_IN_TRANSIT,10
O1206,0,NONE,0
O1207,0,NONE,0
O1208,1,NO_LONGER_NEEDED,5
O1209,1,CHANGED_MIND,2
O1210,1,WRONG_ITEM,3
O1211,0,NONE,0
O1212,1,WRONG_ITEM,9
O1213,0,NONE,0
O1214,0,NONE,0
O1215,0,NONE,0
O1216,0,NONE,0
O1217,0,NONE,0
O1218,0,NONE,0
O1219,0,NONE,0
O1220,0,NONE,0
O1221,1,SIZE_FIT_ISSUE,8
O1222,0,NONE,0
O1223,0,NONE,0
O1224,0,NONE,0
O1225,0,NONE,0
O1226,0,NONE,0
O1227,0,NONE,0
O1228,0,NONE,0
O1229,1,NO_LONGER_NEEDED,3
O1230,0,NONE,0
O1231,1,WRONG_ITEM,4
O1232,1,CHANGED_MIND,1
O1233,0,NONE,0
O1234,0,NONE,0
O1235,1,QUALITY_DEFECT,2
O1236,0,NONE,0
O1237,0,NONE,0
O1238,0,NONE,0
O1239,1,NO_LONGER_NEEDED,7
O1240,0,NONE,0
O1241,0,NONE,0
O1242,0,NONE,0
O1243,1,QUALITY_DEFECT,4
O1244,1,SIZE_FIT_ISSUE,2
O1245,0,NONE,0
O1246,1,NOT_AS_DESCRIBED,1
O1247,0,NONE,0
O1248,0,NONE,0
O1249,1,SIZE_FIT_ISSUE,2
O1250,0,NONE,0
O1251,0,NONE,0
O1252,1,DAMAGED_IN_TRANSIT,7
O1253,0,NONE,0
O1254,0,NONE,0
O1255,1,NO_LONGER_NEEDED,7
O1256,1,CHANGED_MIND,3
O1257,0,NONE,0
O1258,0,NONE,0
O1259,0,NONE,0
O1260,0,NONE,0
O1261,0,NONE,0
O1262,1,CHANGED_MIND,1
O1263,1,SIZE_FIT_ISSUE,1
O1264,1,CHANGED_MIND,6
O1265,1,NO_LONGER_NEEDED,8
O1266,1,NO_LONGER_NEEDED,10
O1267,1,NO_LONGER_NEEDED,10
O1268,0,NONE,0
O1269,1,WRONG_ITEM,9
O1270,1,DAMAGED_IN_TRANSIT,3
O1271,0,NONE,0
O1272,0,NONE,0
O1273,0,NONE,0
O1274,1,SIZE_FIT_ISSUE,2
O1275,0,NONE,0
O1276,0,NONE,0
O1277,0,NONE,0
O1278,1,SIZE_FIT_ISSUE,4
O1279,1,DAMAGED_IN_TRANSIT,7
O1280,0,NONE,0
O1281,1,DAMAGED_IN_TRANSIT,6
O1282,0,NONE,0
O1283,0,NONE,0
O1284,1,NOT_AS_DESCRIBED,5
O1285,0,NONE,0
O1286,1,DAMAGED_IN_TRANSIT,10
O1287,0,NONE,0
O1288,0,NONE,0
O1289,0,NONE,0
O1290,0,NONE,0
O1291,1,DELIVERY_DELAY,8
O1292,1,NOT_AS_DESCRIBED,8
O1293,0,NONE,0
O1294,0,NONE,0
O1295,0,NONE,0
O1296,0,NONE,0
O1297,0,NONE,0
O1298,0,NONE,0
O1299,0,NONE,0
O1300,0,NONE,0
O1301,1,CHANGED_MIND,1
O1302,0,NONE,0
O1303,0,NONE,0
O1304,1,NO_LONGER_NEEDED,2
O1305,0,NONE,0
O1306,0,NONE,0
O1307,0,NONE,0
O1308,0,NONE,0
O1309,1,NO_LONGER_NEEDED,9
O1310,0,NONE,0
O1311,0,NONE,0
O1312,1,WRONG_ITEM,8
O1313,1,SIZE_FIT_ISSUE,6
O1314,1,CHANGED_MIND,7
O1315,0,NONE,0
O1316,0,NONE,0
O1317,1,SIZE_FIT_ISSUE,7
O1318,0,NONE,0
O1319,0,NONE,0
O1320,1,NO_LONGER_NEEDED,4
O1321,0,NONE,0
O1322,1,NO_LONGER_NEEDED,8
O1323,0,NONE,0
O1324,1,SIZE_FIT_ISSUE,2
O1325,0,NONE,0
O1326,0,NONE,0
O1327,0,NONE,0
O1328,0,NONE,0
O1329,0,NONE,0
O1330,1,WRONG_ITEM,4
O1331,1,CHANGED_MIND,10
O1332,0,NONE,0
O1333,1,CHANGED_MIND,4
O1334,0,NONE,0
O1335,0,NONE,0
O1336,0,NONE,0
O1337,0,NONE,0
O1338,0,NONE,0
O1339,0,NONE,0
O1340,0,NONE,0
O1341,1,WRONG_ITEM,5
O1342,1,SIZE_FIT_ISSUE,3
O1343,1,QUALITY_DEFECT,6
O1344,0,NONE,0
O1345,0,NONE,0
O1346,0,NONE,0
O1347,0,NONE,0
O1348,0,NONE,0
O1349,0,NONE,0
O1350,0,NONE,0
O1351,1,NOT_AS_DESCRIBED,8
O1352,0,NONE,0
O1353,0,NONE,0
O1354,1,WRONG_ITEM,7
O1355,0,NONE,0
O1356,1,SIZE_FIT_ISSUE,3
O1357,0,NONE,0
O1358,0,NONE,0
O1359,0,NONE,0
O1360,1,NO_LONGER_NEEDED,7
O1361,1,QUALITY_DEFECT,3
O1362,1,NOT_AS_DESCRIBED,8
O1363,1,NO_LONGER_NEEDED,6
O1364,1,DAMAGED_IN_TRANSIT,1
O1365,1,NO_LONGER_NEEDED,6
O1366,0,NONE,0
O1367,0,NONE,0
O1368,0,NONE,0
O1369,0,NONE,0
O1370,0,NONE,0
O1371,1,SIZE_FIT_ISSUE,7
O1372,0,NONE,0
O1373,0,NONE,0
O1374,1,WRONG_ITEM,8
O1375,0,NONE,0
O1376,0,NONE,0
O1377,1,CHANGED_MIND,4
O1378,0,NONE,0
O1379,1,NO_LONGER_NEEDED,2
O1380,0,NONE,0
O1381,1,DAMAGED_IN_TRANSIT,6
O1382,0,NONE,0
O1383,0,NONE,0
O1384,0,NONE,0
O1385,1,SIZE_FIT_ISSUE,10
O1386,0,NONE,0
O1387,0,NONE,0
O1388,0,NONE,0
O1389,1,SIZE_FIT_ISSUE,4
O1390,0,NONE,0
O1391,0,NONE,0
O1392,0,NONE,0
O1393,1,DAMAGED_IN_TRANSIT,10
O1394,0,NONE,0
O1395,1,DAMAGED_IN_TRANSIT,10
O1396,1,WRONG_ITEM,9
O1397,1,NO_LONGER_NEEDED,2
O1398,1,WRONG_ITEM,2
O1399,0,NONE,0
O1400,0,NONE,0
O1401,0,NONE,0
O1402,1,CHANGED_MIND,7
O1403,1,SIZE_FIT_ISSUE,6
O1404,0,NONE,0
O1405,0,NONE,0
O1406,1,SIZE_FIT_ISSUE,8
O1407,0,NONE,0
O1408,0,NONE,0
O1409,1,CHANGED_MIND,1
O1410,1,CHANGED_MIND,7
O1411,0,NONE,0
O1412,0,NONE,0
O1413,0,NONE,0
O1414,0,NONE,0
O1415,0,NONE,0
O1416,0,NONE,0
O1417,0,NONE,0
O1418,1,SIZE_FIT_ISSUE,5
O1419,1,SIZE_FIT_ISSUE,10
O1420,0,NONE,0
O1421,0,NONE,0
O1422,0,NONE,0
O1423,0,NONE,0
O1424,0,NONE,0
O1425,1,DAMAGED_IN_TRANSIT,2
O1426,0,NONE,0
O1427,1,NO_LONGER_NEEDED,1
O1428,1,QUALITY_DEFECT,9
O1429,1,DAMAGED_IN_TRANSIT,4
O1430,0,NONE,0
O1431,0,NONE,0
O1432,0,NONE,0
O1433,0,NONE,0
O1434,1,SIZE_FIT_ISSUE,10
O1435,0,NONE,0
O1436,1,SIZE_FIT_ISSUE,7
O1437,0,NONE,0
O1438,0,NONE,0
O1439,0,NONE,0
O1440,0,NONE,0
O1441,0,NONE,0
O1442,0,NONE,0
O1443,1,NOT_AS_DESCRIBED,4
O1444,1,DAMAGED_IN_TRANSIT,1
O1445,0,NONE,0
O1446,0,NONE,0
O1447,0,NONE,0
O1448,0,NONE,0
O1449,1,CHANGED_MIND,6
O1450,0,NONE,0
O1451,0,NONE,0
O1452,0,NONE,0
O1453,0,NONE,0
O1454,0,NONE,0
O1455,0,NONE,0
O1456,0,NONE,0
O1457,1,CHANGED_MIND,7
O1458,0,NONE,0
O1459,0,NONE,0
O1460,0,NONE,0
O1461,1,SIZE_FIT_ISSUE,7
O1462,0,NONE,0
O1463,1,WRONG_ITEM,1
O1464,1,SIZE_FIT_ISSUE,5
O1465,0,NONE,0
O1466,0,NONE,0
O1467,0,NONE,0
O1468,0,NONE,0
O1469,1,NOT_AS_DESCRIBED,10
O1470,0,NONE,0
O1471,1,SIZE_FIT_ISSUE,10
O1472,0,NONE,0
O1473,1,SIZE_FIT_ISSUE,3
O1474,1,CHANGED_MIND,2
O1475,0,NONE,0
O1476,0,NONE,0
O1477,0,NONE,0
O1478,0,NONE,0
O1479,0,NONE,0
O1480,1,CHANGED_MIND,8
O1481,1,CHANGED_MIND,8
O1482,1,SIZE_FIT_ISSUE,4
O1483,0,NONE,0
O1484,0,NONE,0
O1485,0,NONE,0
O1486,0,NONE,0
O1487,1,NOT_AS_DESCRIBED,7
O1488,1,SIZE_FIT_ISSUE,5
O1489,0,NONE,0
O1490,1,NO_LONGER_NEEDED,6
O1491,1,WRONG_ITEM,8
O1492,1,WRONG_ITEM,1
O1493,1,SIZE_FIT_ISSUE,6
O1494,1,SIZE_FIT_ISSUE,5
O1495,0,NONE,0
O1496,0,NONE,0
O1497,0,NONE,0
O1498,0,NONE,0
O1499,0,NONE,0
O1500,1,SIZE_FIT_ISSUE,1
O1501,0,NONE,0
O1502,0,NONE,0
O1503,0,NONE,0
O1504,0,NONE,0
O1505,0,NONE,0
O1506,0,NONE,0
O1507,0,NONE,0
O1508,0,NONE,0
O1509,0,NONE,0
O1510,0,NONE,0
O1511,0,NONE,0
O1512,0,NONE,0
O1513,0,NONE,0
O1514,1,CHANGED_MIND,8
O1515,0,NONE,0
O1516,0,NONE,0
O1517,1,DELIVERY_DELAY,8
O1518,0,NONE,0
O1519,0,NONE,0
O1520,0,NONE,0
O1521,0,NONE,0
O1522,0,NONE,0
O1523,1,DAMAGED_IN_TRANSIT,10
O1524,0,NONE,0
O1525,0,NONE,0
O1526,0,NONE,0
O1527,1,SIZE_FIT_ISSUE,10
O1528,0,NONE,0
O1529,0,NONE,0
O1530,0,NONE,0
O1531,1,SIZE_FIT_ISSUE,6
O1532,1,DAMAGED_IN_TRANSIT,4
O1533,1,SIZE_FIT_ISSUE,5
O1534,0,NONE,0
O1535,0,NONE,0
O1536,0,NONE,0
O1537,0,NONE,0
O1538,0,NONE,0
O1539,1,CHANGED_MIND,8
O1540,0,NONE,0
O1541,1,NO_LONGER_NEEDED,4
O1542,0,NONE,0
O1543,0,NONE,0
O1544,0,NONE,0
O1545,0,NONE,0
O1546,1,CHANGED_MIND,10
O1547,0,NONE,0
O1548,0,NONE,0
O1549,1,NO_LONGER_NEEDED,8
O1550,1,CHANGED_MIND,5
O1551,0,NONE,0
O1552,1,DAMAGED_IN_TRANSIT,2
O1553,0,NONE,0
O1554,0,NONE,0
O1555,1,WRONG_ITEM,3
O1556,0,NONE,0
O1557,1,WRONG_ITEM,7
O1558,0,NONE,0
O1559,1,SIZE_FIT_ISSUE,3
O1560,1,NO_LONGER_NEEDED,2
O1561,1,NO_LONGER_NEEDED,8
O1562,0,NONE,0
O1563,1,NOT_AS_DESCRIBED,6
O1564,1,WRONG_ITEM,4
O1565,1,NOT_AS_DESCRIBED,3
O1566,1,SIZE_FIT_ISSUE,6
O1567,1,CHANGED_MIND,3
O1568,1,SIZE_FIT_ISSUE,6
O1569,0,NONE,0
O1570,1,NO_LONGER_NEEDED,5
O1571,1,SIZE_FIT_ISSUE,7
O1572,1,NO_LONGER_NEEDED,2
O1573,0,NONE,0
O1574,0,NONE,0
O1575,0,NONE,0
O1576,0,NONE,0
O1577,0,NONE,0
O1578,0,NONE,0
O1579,0,NONE,0
O1580,0,NONE,0
O1581,0,NONE,0
O1582,0,NONE,0
O1583,1,CHANGED_MIND,7
O1584,0,NONE,0
O1585,0,NONE,0
O1586,0,NONE,0
O1587,0,NONE,0
O1588,0,NONE,0
O1589,0,NONE,0
O1590,0,NONE,0
O1591,0,NONE,0
O1592,0,NONE,0
O1593,0,NONE,0
O1594,0,NONE,0
O1595,0,NONE,0
O1596,1,SIZE_FIT_ISSUE,4
O1597,0,NONE,0
O1598,1,SIZE_FIT_ISSUE,3
O1599,0,NONE,0
O1600,1,SIZE_FIT_ISSUE,1
O1601,0,NONE,0
O1602,0,NONE,0
O1603,0,NONE,0
O1604,1,DELIVERY_DELAY,1
O1605,0,NONE,0
O1606,0,NONE,0
O1607,0,NONE,0
O1608,0,NONE,0
O1609,0,NONE,0
O1610,1,DAMAGED_IN_TRANSIT,6
O1611,0,NONE,0
O1612,0,NONE,0
O1613,0,NONE,0
O1614,0,NONE,0
O1615,1,DAMAGED_IN_TRANSIT,4
O1616,1,WRONG_ITEM,2
O1617,0,NONE,0
O1618,0,NONE,0
O1619,0,NONE,0
O1620,0,NONE,0
O1621,0,NONE,0
O1622,1,NOT_AS_DESCRIBED,10
O1623,1,SIZE_FIT_ISSUE,4
O1624,0,NONE,0
O1625,0,NONE,0
O1626,0,NONE,0
O1627,1,CHANGED_MIND,10
O1628,0,NONE,0
O1629,1,SIZE_FIT_ISSUE,4
O1630,1,NOT_AS_DESCRIBED,3
O1631,0,NONE,0
O1632,0,NONE,0
O1633,0,NONE,0
O1634,0,NONE,0
O1635,1,SIZE_FIT_ISSUE,6
O1636,0,NONE,0
O1637,0,NONE,0
O1638,0,NONE,0
O1639,0,NONE,0
O1640,1,NOT_AS_DESCRIBED,2
O1641,0,NONE,0
O1642,1,SIZE_FIT_ISSUE,9
O1643,0,NONE,0
O1644,0,NONE,0
O1645,0,NONE,0
O1646,1,SIZE_FIT_ISSUE,6
O1647,0,NONE,0
O1648,0,NONE,0
O1649,0,NONE,0
O1650,0,NONE,0
O1651,0,NONE,0
O1652,0,NONE,0
O1653,1,SIZE_FIT_ISSUE,3
O1654,0,NONE,0
O1655,0,NONE,0
O1656,0,NONE,0
O1657,0,NONE,0
O1658,0,NONE,0
O1659,0,NONE,0
O1660,0,NONE,0
O1661,0,NONE,0
O1662,0,NONE,0
O1663,0,NONE,0
O1664,1,NO_LONGER_NEEDED,2
O1665,0,NONE,0
O1666,0,NONE,0
O1667,1,DAMAGED_IN_TRANSIT,10
O1668,0,NONE,0
O1669,1,CHANGED_MIND,2
O1670,1,CHANGED_MIND,2
O1671,1,NO_LONGER_NEEDED,4
O1672,0,NONE,0
O1673,0,NONE,0
O1674,1,WRONG_ITEM,5
O1675,0,NONE,0
O1676,0,NONE,0
O1677,1,WRONG_ITEM,10
O1678,1,SIZE_FIT_ISSUE,6
O1679,1,QUALITY_DEFECT,1
O1680,0,NONE,0
O1681,0,NONE,0
O1682,1,WRONG_ITEM,4
O1683,0,NONE,0
O1684,0,NONE,0
O1685,0,NONE,0
O1686,0,NONE,0
O1687,1,NO_LONGER_NEEDED,1
O1688,0,NONE,0
O1689,1,CHANGED_MIND,1
O1690,0,NONE,0
O1691,1,WRONG_ITEM,8
O1692,1,CHANGED_MIND,5
O1693,0,NONE,0
O1694,1,CHANGED_MIND,2
O1695,0,NONE,0
O1696,1,SIZE_FIT_ISSUE,7
O1697,1,SIZE_FIT_ISSUE,2
O1698,1,SIZE_FIT_ISSUE,10
O1699,0,NONE,0
O1700,0,NONE,0
O1701,0,NONE,0
O1702,0,NONE,0
O1703,0,NONE,0
O1704,0,NONE,0
O1705,0,NONE,0
O1706,0,NONE,0
O1707,1,DELIVERY_DELAY,9
O1708,1,SIZE_FIT_ISSUE,1
O1709,0,NONE,0
O1710,0,NONE,0
O1711,0,NONE,0
O1712,1,SIZE_FIT_ISSUE,1
O1713,0,NONE,0
O1714,0,NONE,0
O1715,0,NONE,0
O1716,0,NONE,0
O1717,0,NONE,0
O1718,0,NONE,0
O1719,0,NONE,0
O1720,1,NO_LONGER_NEEDED,8
O1721,1,NOT_AS_DESCRIBED,3
O1722,1,WRONG_ITEM,10
O1723,0,NONE,0
O1724,1,SIZE_FIT_ISSUE,1
O1725,0,NONE,0
O1726,0,NONE,0
O1727,0,NONE,0
O1728,0,NONE,0
O1729,0,NONE,0
O1730,0,NONE,0
O1731,1,WRONG_ITEM,2
O1732,0,NONE,0
O1733,0,NONE,0
O1734,0,NONE,0
O1735,0,NONE,0
O1736,0,NONE,0
O1737,0,NONE,0
O1738,0,NONE,0
O1739,0,NONE,0
O1740,0,NONE,0
O1741,0,NONE,0
O1742,0,NONE,0
O1743,0,NONE,0
O1744,0,NONE,0
O1745,1,CHANGED_MIND,1
O1746,0,NONE,0
O1747,1,NO_LONGER_NEEDED,10
O1748,0,NONE,0
O1749,0,NONE,0
O1750,0,NONE,0
O1751,0,NONE,0
O1752,0,NONE,0
O1753,0,NONE,0
O1754,0,NONE,0
O1755,1,WRONG_ITEM,9
O1756,0,NONE,0
O1757,1,CHANGED_MIND,7
O1758,1,WRONG_ITEM,1
O1759,1,CHANGED_MIND,9
O1760,0,NONE,0
O1761,0,NONE,0
O1762,0,NONE,0
O1763,0,NONE,0
O1764,1,SIZE_FIT_ISSUE,6
O1765,1,SIZE_FIT_ISSUE,3
O1766,1,NO_LONGER_NEEDED,3
O1767,0,NONE,0
O1768,0,NONE,0
O1769,1,DAMAGED_IN_TRANSIT,2
O1770,0,NONE,0
O1771,0,NONE,0
O1772,1,DAMAGED_IN_TRANSIT,8
O1773,0,NONE,0
O1774,0,NONE,0
O1775,0,NONE,0
O1776,0,NONE,0
O1777,1,WRONG_ITEM,10
O1778,0,NONE,0
O1779,0,NONE,0
O1780,0,NONE,0
O1781,1,NO_LONGER_NEEDED,10
O1782,1,QUALITY_DEFECT,3
O1783,1,WRONG_ITEM,3
O1784,1,CHANGED_MIND,8
O1785,0,NONE,0
O1786,0,NONE,0
O1787,0,NONE,0
O1788,1,QUALITY_DEFECT,5
O1789,1,QUALITY_DEFECT,3
O1790,1,NO_LONGER_NEEDED,2
O1791,0,NONE,0
O1792,0,NONE,0
O1793,0,NONE,0
O1794,0,NONE,0
O1795,1,CHANGED_MIND,5
O1796,0,NONE,0
O1797,0,NONE,0
O1798,0,NONE,0
O1799,1,QUALITY_DEFECT,10
O1800,0,NONE,0
O1801,1,DAMAGED_IN_TRANSIT,9
O1802,1,SIZE_FIT_ISSUE,10
O1803,0,NONE,0
O1804,0,NONE,0
O1805,0,NONE,0
O1806,0,NONE,0
O1807,0,NONE,0
O1808,0,NONE,0
O1809,0,NONE,0
O1810,0,NONE,0
O1811,0,NONE,0
O1812,0,NONE,0
O1813,1,CHANGED_MIND,8
O1814,1,SIZE_FIT_ISSUE,8
O1815,1,DAMAGED_IN_TRANSIT,7
O1816,1,NO_LONGER_NEEDED,2
O1817,0,NONE,0
O1818,1,SIZE_FIT_ISSUE,6
O1819,0,NONE,0
O1820,1,CHANGED_MIND,8
O1821,1,CHANGED_MIND,7
O1822,0,NONE,0
O1823,0,NONE,0
O1824,0,NONE,0
O1825,1,CHANGED_MIND,1
O1826,0,NONE,0
O1827,0,NONE,0
O1828,0,NONE,0
O1829,1,SIZE_FIT_ISSUE,2
O1830,0,NONE,0
O1831,1,SIZE_FIT_ISSUE,10
O1832,0,NONE,0
O1833,0,NONE,0
O1834,0,NONE,0
O1835,1,DAMAGED_IN_TRANSIT,3
O1836,0,NONE,0
O1837,0,NONE,0
O1838,0,NONE,0
O1839,1,SIZE_FIT_ISSUE,6
O1840,0,NONE,0
O1841,1,SIZE_FIT_ISSUE,4
O1842,0,NONE,0
O1843,0,NONE,0
O1844,0,NONE,0
O1845,0,NONE,0
O1846,0,NONE,0
O1847,0,NONE,0
O1848,0,NONE,0
O1849,0,NONE,0
O1850,1,DAMAGED_IN_TRANSIT,5
O1851,0,NONE,0
O1852,0,NONE,0
O1853,0,NONE,0
O1854,0,NONE,0
O1855,0,NONE,0
O1856,1,CHANGED_MIND,6
O1857,0,NONE,0
O1858,0,NONE,0
O1859,0,NONE,0
O1860,0,NONE,0
O1861,0,NONE,0
O1862,1,WRONG_ITEM,5
O1863,1,NO_LONGER_NEEDED,2
O1864,1,SIZE_FIT_ISSUE,3
O1865,0,NONE,0
O1866,0,NONE,0
O1867,0,NONE,0
O1868,1,NO_LONGER_NEEDED,1
O1869,0,NONE,0
O1870,1,QUALITY_DEFECT,8
O1871,1,NO_LONGER_NEEDED,9
O1872,1,NO_LONGER_NEEDED,2
O1873,0,NONE,0
O1874,1,CHANGED_MIND,3
O1875,0,NONE,0
O1876,0,NONE,0
O1877,0,NONE,0
O1878,1,SIZE_FIT_ISSUE,5
O1879,0,NONE,0
O1880,1,SIZE_FIT_ISSUE,3
O1881,0,NONE,0
O1882,1,QUALITY_DEFECT,8
O1883,0,NONE,0
O1884,1,NO_LONGER_NEEDED,7
O1885,0,NONE,0
O1886,0,NONE,0
O1887,0,NONE,0
O1888,0,NONE,0
O1889,0,NONE,0
O1890,0,NONE,0
O1891,0,NONE,0
O1892,1,SIZE_FIT_ISSUE,8
O1893,0,NONE,0
O1894,0,NONE,0
O1895,0,NONE,0
O1896,0,NONE,0
O1897,1,WRONG_ITEM,3
O1898,0,NONE,0
O1899,0,NONE,0
O1900,1,NO_LONGER_NEEDED,2
O1901,0,NONE,0
O1902,0,NONE,0
O1903,0,NONE,0
O1904,0,NONE,0
O1905,1,DAMAGED_IN_TRANSIT,2
O1906,1,WRONG_ITEM,8
O1907,0,NONE,0
O1908,0,NONE,0
O1909,1,SIZE_FIT_ISSUE,10
O1910,0,NONE,0
O1911,0,NONE,0
O1912,0,NONE,0
O1913,0,NONE,0
O1914,1,WRONG_ITEM,6
O1915,0,NONE,0
O1916,0,NONE,0
O1917,0,NONE,0
O1918,0,NONE,0
O1919,0,NONE,0
O1920,0,NONE,0
O1921,0,NONE,0
O1922,0,NONE,0
O1923,0,NONE,0
O1924,0,NONE,0
O1925,0,NONE,0
O1926,1,DAMAGED_IN_TRANSIT,7
O1927,0,NONE,0
O1928,0,NONE,0
O1929,0,NONE,0
O1930,0,NONE,0
O1931,0,NONE,0
O1932,0,NONE,0
O1933,1,CHANGED_MIND,10
O1934,0,NONE,0
O1935,0,NONE,0
O1936,1,NO_LONGER_NEEDED,9
O1937,0,NONE,0
O1938,1,SIZE_FIT_ISSUE,3
O1939,1,CHANGED_MIND,8
O1940,1,WRONG_ITEM,8
O1941,0,NONE,0
O1942,0,NONE,0
O1943,0,NONE,0
O1944,1,SIZE_FIT_ISSUE,1
O1945,0,NONE,0
O1946,0,NONE,0
O1947,1,DELIVERY_DELAY,6
O1948,0,NONE,0
O1949,0,NONE,0
O1950,0,NONE,0
O1951,0,NONE,0
O1952,0,NONE,0
O1953,0,NONE,0
O1954,1,NOT_AS_DESCRIBED,4
O1955,1,CHANGED_MIND,9
O1956,0,NONE,0
O1957,0,NONE,0
O1958,1,SIZE_FIT_ISSUE,3
O1959,1,NO_LONGER_NEEDED,7
O1960,1,CHANGED_MIND,6
O1961,0,NONE,0
O1962,0,NONE,0
O1963,0,NONE,0
O1964,1,CHANGED_MIND,6
O1965,0,NONE,0
O1966,1,SIZE_FIT_ISSUE,1
O1967,1,NOT_AS_DESCRIBED,9
O1968,0,NONE,0
O1969,0,NONE,0
O1970,0,NONE,0
O1971,0,NONE,0
O1972,0,NONE,0
O1973,0,NONE,0
O1974,0,NONE,0
O1975,0,NONE,0
O1976,0,NONE,0
O1977,0,NONE,0
O1978,1,CHANGED_MIND,8
O1979,0,NONE,0
O1980,0,NONE,0
O1981,1,NO_LONGER_NEEDED,9
O1982,0,NONE,0
O1983,0,NONE,0
O1984,1,CHANGED_MIND,2
O1985,0,NONE,0
O1986,0,NONE,0
O1987,1,CHANGED_MIND,9
O1988,1,SIZE_FIT_ISSUE,1
O1989,1,SIZE_FIT_ISSUE,9
O1990,0,NONE,0
O1991,0,NONE,0
O1992,0,NONE,0
O1993,0,NONE,0
O1994,1,NO_LONGER_NEEDED,3
O1995,0,NONE,0
O1996,0,NONE,0
O1997,0,NONE,0
O1998,1,CHANGED_MIND,1
O1999,1,NO_LONGER_NEEDED,4
O2000,1,SIZE_FIT_ISSUE,7
O2001,0,NONE,0
O2002,0,NONE,0
O2003,1,CHANGED_MIND,9
O2004,1,DAMAGED_IN_TRANSIT,10
O2005,0,NONE,0
O2006,1,SIZE_FIT_ISSUE,2
O2007,1,NO_LONGER_NEEDED,2
O2008,1,SIZE_FIT_ISSUE,5
O2009,1,CHANGED_MIND,10
O2010,1,CHANGED_MIND,9
O2011,1,DAMAGED_IN_TRANSIT,3
O2012,1,WRONG_ITEM,1
O2013,1,DAMAGED_IN_TRANSIT,7
O2014,0,NONE,0
O2015,1,DAMAGED_IN_TRANSIT,9
O2016,0,NONE,0
O2017,1,SIZE_FIT_ISSUE,9
O2018,0,NONE,0
O2019,1,CHANGED_MIND,8
O2020,1,CHANGED_MIND,5
O2021,0,NONE,0
O2022,0,NONE,0
O2023,1,CHANGED_MIND,1
O2024,1,NOT_AS_DESCRIBED,4
O2025,0,NONE,0
O2026,0,NONE,0
O2027,0,NONE,0
O2028,0,NONE,0
O2029,0,NONE,0
O2030,0,NONE,0
O2031,0,NONE,0
O2032,0,NONE,0
O2033,1,NOT_AS_DESCRIBED,1
O2034,0,NONE,0
O2035,1,WRONG_ITEM,1
O2036,0,NONE,0
O2037,1,WRONG_ITEM,7
O2038,0,NONE,0
O2039,0,NONE,0
O2040,0,NONE,0
O2041,0,NONE,0
O2042,1,NO_LONGER_NEEDED,1
O2043,1,WRONG_ITEM,4
O2044,0,NONE,0
O2045,0,NONE,0
O2046,1,SIZE_FIT_ISSUE,10
O2047,1,DAMAGED_IN_TRANSIT,10
O2048,1,CHANGED_MIND,7
O2049,0,NONE,0
O2050,0,NONE,0
O2051,0,NONE,0
O2052,0,NONE,0
O2053,0,NONE,0
O2054,0,NONE,0
O2055,0,NONE,0
O2056,0,NONE,0
O2057,0,NONE,0
O2058,1,NO_LONGER_NEEDED,2
O2059,0,NONE,0
O2060,0,NONE,0
O2061,0,NONE,0
O2062,0,NONE,0
O2063,1,SIZE_FIT_ISSUE,3
O2064,0,NONE,0
O2065,0,NONE,0
O2066,0,NONE,0
O2067,1,CHANGED_MIND,8
O2068,0,NONE,0
O2069,0,NONE,0
O2070,1,SIZE_FIT_ISSUE,9
O2071,1,NO_LONGER_NEEDED,10
O2072,1,CHANGED_MIND,9
O2073,0,NONE,0
O2074,0,NONE,0
O2075,1,NO_LONGER_NEEDED,2
O2076,0,NONE,0
O2077,0,NONE,0
O2078,0,NONE,0
O2079,1,SIZE_FIT_ISSUE,10
O2080,1,CHANGED_MIND,9
O2081,0,NONE,0
O2082,0,NONE,0
O2083,0,NONE,0
O2084,0,NONE,0
O2085,0,NONE,0
O2086,0,NONE,0
O2087,0,NONE,0
O2088,0,NONE,0
O2089,0,NONE,0
O2090,1,SIZE_FIT_ISSUE,5
O2091,1,CHANGED_MIND,7
O2092,1,CHANGED_MIND,1
O2093,0,NONE,0
O2094,0,NONE,0
O2095,0,NONE,0
O2096,0,NONE,0
O2097,1,QUALITY_DEFECT,6
O2098,0,NONE,0
O2099,0,NONE,0
O2100,0,NONE,0
O2101,0,NONE,0
O2102,0,NONE,0
O2103,1,SIZE_FIT_ISSUE,5
O2104,0,NONE,0
O2105,1,SIZE_FIT_ISSUE,1
O2106,0,NONE,0
O2107,0,NONE,0
O2108,1,SIZE_FIT_ISSUE,6
O2109,0,NONE,0
O2110,0,NONE,0
O2111,0,NONE,0
O2112,0,NONE,0
O2113,0,NONE,0
O2114,1,NO_LONGER_NEEDED,8
O2115,0,NONE,0
O2116,0,NONE,0
O2117,1,WRONG_ITEM,4
O2118,0,NONE,0
O2119,0,NONE,0
O2120,1,WRONG_ITEM,1
O2121,1,SIZE_FIT_ISSUE,6
O2122,0,NONE,0
O2123,0,NONE,0
O2124,0,NONE,0
O2125,0,NONE,0
O2126,0,NONE,0
O2127,0,NONE,0
O2128,0,NONE,0
O2129,0,NONE,0
O2130,0,NONE,0
O2131,0,NONE,0
O2132,0,NONE,0
O2133,1,DAMAGED_IN_TRANSIT,7
O2134,1,SIZE_FIT_ISSUE,4
O2135,0,NONE,0
O2136,0,NONE,0
O2137,1,SIZE_FIT_ISSUE,3
O2138,0,NONE,0
O2139,1,NO_LONGER_NEEDED,3
O2140,0,NONE,0
O2141,1,DAMAGED_IN_TRANSIT,3
O2142,0,NONE,0
O2143,0,NONE,0
O2144,0,NONE,0
O2145,0,NONE,0
O2146,1,NO_LONGER_NEEDED,1
O2147,0,NONE,0
O2148,1,DAMAGED_IN_TRANSIT,6
O2149,1,DAMAGED_IN_TRANSIT,1
O2150,1,SIZE_FIT_ISSUE,7
O2151,0,NONE,0
O2152,1,SIZE_FIT_ISSUE,5
O2153,1,WRONG_ITEM,3
O2154,1,NO_LONGER_NEEDED,8
O2155,1,SIZE_FIT_ISSUE,1
O2156,0,NONE,0
O2157,0,NONE,0
O2158,0,NONE,0
O2159,0,NONE,0
O2160,0,NONE,0
O2161,0,NONE,0
O2162,0,NONE,0
O2163,0,NONE,0
O2164,0,NONE,0
O2165,0,NONE,0
O2166,0,NONE,0
O2167,0,NONE,0
O2168,0,NONE,0
O2169,0,NONE,0
O2170,0,NONE,0
O2171,1,SIZE_FIT_ISSUE,3
O2172,1,SIZE_FIT_ISSUE,6
O2173,1,CHANGED_MIND,3
O2174,1,SIZE_FIT_ISSUE,1
O2175,0,NONE,0
O2176,0,NONE,0
O2177,1,NOT_AS_DESCRIBED,6
O2178,1,CHANGED_MIND,6
O2179,1,WRONG_ITEM,9
O2180,0,NONE,0
O2181,0,NONE,0
O2182,1,DAMAGED_IN_TRANSIT,7
O2183,1,CHANGED_MIND,4
O2184,0,NONE,0
O2185,0,NONE,0
O2186,0,NONE,0
O2187,0,NONE,0
O2188,0,NONE,0
O2189,0,NONE,0
O2190,1,SIZE_FIT_ISSUE,1
O2191,1,WRONG_ITEM,1
O2192,0,NONE,0
O2193,0,NONE,0
O2194,0,NONE,0
O2195,0,NONE,0
O2196,1,SIZE_FIT_ISSUE,1
O2197,1,CHANGED_MIND,9
O2198,0,NONE,0
O2199,0,NONE,0
O2200,0,NONE,0
O2201,0,NONE,0
O2202,0,NONE,0
O2203,0,NONE,0
O2204,0,NONE,0
O2205,0,NONE,0
O2206,0,NONE,0
O2207,0,NONE,0
O2208,0,NONE,0
O2209,1,QUALITY_DEFECT,9
O2210,1,NOT_AS_DESCRIBED,8
O2211,0,NONE,0
O2212,0,NONE,0
O2213,0,NONE,0
O2214,0,NONE,0
O2215,0,NONE,0
O2216,0,NONE,0
O2217,0,NONE,0
O2218,0,NONE,0
O2219,0,NONE,0
O2220,0,NONE,0
O2221,0,NONE,0
O2222,0,NONE,0
O2223,0,NONE,0
O2224,0,NONE,0
O2225,0,NONE,0
O2226,1,SIZE_FIT_ISSUE,8
O2227,1,QUALITY_DEFECT,6
O2228,0,NONE,0
O2229,0,NONE,0
O2230,0,NONE,0
O2231,0,NONE,0
O2232,0,NONE,0
O2233,0,NONE,0
O2234,1,WRONG_ITEM,8
O2235,0,NONE,0
O2236,1,CHANGED_MIND,1
O2237,0,NONE,0
O2238,1,NOT_AS_DESCRIBED,9
O2239,0,NONE,0
O2240,0,NONE,0
O2241,1,WRONG_ITEM,9
O2242,1,CHANGED_MIND,10
O2243,1,SIZE_FIT_ISSUE,5
O2244,0,NONE,0
O2245,1,SIZE_FIT_ISSUE,2
O2246,0,NONE,0
O2247,1,DAMAGED_IN_TRANSIT,9
O2248,0,NONE,0
O2249,1,DAMAGED_IN_TRANSIT,2
O2250,0,NONE,0
O2251,1,CHANGED_MIND,5
O2252,0,NONE,0
O2253,1,NO_LONGER_NEEDED,2
O2254,1,NOT_AS_DESCRIBED,7
O2255,0,NONE,0
O2256,1,SIZE_FIT_ISSUE,2
O2257,0,NONE,0
O2258,0,NONE,0
O2259,1,WRONG_ITEM,4
O2260,0,NONE,0
O2261,0,NONE,0
O2262,0,NONE,0
O2263,0,NONE,0
O2264,1,CHANGED_MIND,9
O2265,0,NONE,0
O2266,0,NONE,0
O2267,0,NONE,0
O2268,0,NONE,0
O2269,0,NONE,0
O2270,0,NONE,0
O2271,1,SIZE_FIT_ISSUE,2
O2272,0,NONE,0
O2273,0,NONE,0
O2274,0,NONE,0
O2275,1,NO_LONGER_NEEDED,7
O2276,0,NONE,0
O2277,1,CHANGED_MIND,5
O2278,0,NONE,0
O2279,0,NONE,0
O2280,0,NONE,0
O2281,1,QUALITY_DEFECT,8
O2282,0,NONE,0
O2283,0,NONE,0
O2284,0,NONE,0
O2285,0,NONE,0
O2286,1,NOT_AS_DESCRIBED,8
O2287,0,NONE,0
O2288,0,NONE,0
O2289,0,NONE,0
O2290,0,NONE,0
O2291,0,NONE,0
O2292,0,NONE,0
O2293,1,SIZE_FIT_ISSUE,9
O2294,0,NONE,0
O2295,0,NONE,0
O2296,0,NONE,0
O2297,0,NONE,0
O2298,0,NONE,0
O2299,0,NONE,0
O2300,1,NO_LONGER_NEEDED,5
O2301,0,NONE,0
O2302,0,NONE,0
O2303,1,WRONG_ITEM,4
O2304,1,NO_LONGER_NEEDED,10
O2305,0,NONE,0
O2306,1,WRONG_ITEM,9
O2307,0,NONE,0
O2308,1,DAMAGED_IN_TRANSIT,8
O2309,1,QUALITY_DEFECT,10
O2310,0,NONE,0
O2311,0,NONE,0
O2312,1,DAMAGED_IN_TRANSIT,1
O2313,0,NONE,0
O2314,0,NONE,0
O2315,1,QUALITY_DEFECT,10
O2316,1,NO_LONGER_NEEDED,8
O2317,0,NONE,0
O2318,0,NONE,0
O2319,0,NONE,0
O2320,1,SIZE_FIT_ISSUE,10
O2321,1,DAMAGED_IN_TRANSIT,7
O2322,0,NONE,0
O2323,0,NONE,0
O2324,1,QUALITY_DEFECT,2
O2325,0,NONE,0
O2326,1,SIZE_FIT_ISSUE,5
O2327,0,NONE,0
O2328,1,CHANGED_MIND,1
O2329,0,NONE,0
O2330,1,NOT_AS_DESCRIBED,10
O2331,0,NONE,0
O2332,1,SIZE_FIT_ISSUE,4
O2333,0,NONE,0
O2334,0,NONE,0
O2335,1,NOT_AS_DESCRIBED,2
O2336,1,CHANGED_MIND,1
O2337,0,NONE,0
O2338,0,NONE,0
O2339,0,NONE,0
O2340,0,NONE,0
O2341,1,SIZE_FIT_ISSUE,10
O2342,0,NONE,0
O2343,0,NONE,0
O2344,1,CHANGED_MIND,2
O2345,0,NONE,0
O2346,1,WRONG_ITEM,9
O2347,0,NONE,0
O2348,0,NONE,0
O2349,0,NONE,0
O2350,1,DAMAGED_IN_TRANSIT,8
O2351,1,NO_LONGER_NEEDED,9
O2352,0,NONE,0
O2353,0,NONE,0
O2354,0,NONE,0
O2355,1,NO_LONGER_NEEDED,1
O2356,1,WRONG_ITEM,9
O2357,0,NONE,0
O2358,0,NONE,0
O2359,0,NONE,0
O2360,1,SIZE_FIT_ISSUE,10
O2361,0,NONE,0
O2362,1,CHANGED_MIND,6
O2363,0,NONE,0
O2364,1,SIZE_FIT_ISSUE,1
O2365,0,NONE,0
O2366,0,NONE,0
O2367,0,NONE,0
O2368,0,NONE,0
O2369,0,NONE,0
O2370,0,NONE,0
O2371,1,SIZE_FIT_ISSUE,6
O2372,1,SIZE_FIT_ISSUE,4
O2373,0,NONE,0
O2374,0,NONE,0
O2375,0,NONE,0
O2376,0,NONE,0
O2377,0,NONE,0
O2378,0,NONE,0
O2379,0,NONE,0
O2380,0,NONE,0
O2381,0,NONE,0
O2382,1,WRONG_ITEM,2
O2383,0,NONE,0
O2384,1,CHANGED_MIND,6
O2385,0,NONE,0
O2386,0,NONE,0
O2387,0,NONE,0
O2388,0,NONE,0
O2389,0,NONE,0
O2390,1,DAMAGED_IN_TRANSIT,6
O2391,1,QUALITY_DEFECT,10
O2392,0,NONE,0
O2393,1,WRONG_ITEM,2
O2394,0,NONE,0
O2395,1,WRONG_ITEM,9
O2396,0,NONE,0
O2397,0,NONE,0
O2398,0,NONE,0
O2399,0,NONE,0
O2400,0,NONE,0
O2401,0,NONE,0
O2402,0,NONE,0
O2403,1,QUALITY_DEFECT,4
O2404,0,NONE,0
O2405,0,NONE,0
O2406,0,NONE,0
O2407,0,NONE,0
O2408,0,NONE,0
O2409,1,CHANGED_MIND,2
O2410,0,NONE,0
O2411,1,CHANGED_MIND,4
O2412,0,NONE,0
O2413,0,NONE,0
O2414,1,NO_LONGER_NEEDED,1
O2415,0,NONE,0
O2416,1,SIZE_FIT_ISSUE,6
O2417,0,NONE,0
O2418,1,WRONG_ITEM,5
O2419,0,NONE,0
O2420,0,NONE,0
O2421,0,NONE,0
O2422,1,NO_LONGER_NEEDED,9
O2423,0,NONE,0
O2424,0,NONE,0
O2425,1,QUALITY_DEFECT,6
O2426,1,SIZE_FIT_ISSUE,5
O2427,1,NO_LONGER_NEEDED,8
O2428,1,SIZE_FIT_ISSUE,9
O2429,0,NONE,0
O2430,0,NONE,0
O2431,1,NO_LONGER_NEEDED,9
O2432,1,NO_LONGER_NEEDED,8
O2433,1,SIZE_FIT_ISSUE,2
O2434,0,NONE,0
O2435,0,NONE,0
O2436,0,NONE,0
O2437,1,NOT_AS_DESCRIBED,2
O2438,0,NONE,0
O2439,0,NONE,0
O2440,0,NONE,0
O2441,1,SIZE_FIT_ISSUE,9
O2442,0,NONE,0
O2443,1,DAMAGED_IN_TRANSIT,8
O2444,0,NONE,0
O2445,0,NONE,0
O2446,0,NONE,0
O2447,0,NONE,0
O2448,1,SIZE_FIT_ISSUE,3
O2449,0,NONE,0
O2450,0,NONE,0
O2451,1,SIZE_FIT_ISSUE,5
O2452,0,NONE,0
O2453,0,NONE,0
O2454,1,SIZE_FIT_ISSUE,9
O2455,0,NONE,0
O2456,0,NONE,0
O2457,1,CHANGED_MIND,5
O2458,1,CHANGED_MIND,7
O2459,0,NONE,0
O2460,0,NONE,0
O2461,0,NONE,0
O2462,1,SIZE_FIT_ISSUE,5
O2463,0,NONE,0
O2464,0,NONE,0
O2465,1,NO_LONGER_NEEDED,4
O2466,0,NONE,0
O2467,0,NONE,0
O2468,0,NONE,0
O2469,0,NONE,0
O2470,1,NO_LONGER_NEEDED,6
O2471,0,NONE,0
O2472,0,NONE,0
O2473,1,SIZE_FIT_ISSUE,8
O2474,1,CHANGED_MIND,8
O2475,0,NONE,0
O2476,0,NONE,0
O2477,1,CHANGED_MIND,4
O2478,1,SIZE_FIT_ISSUE,5
O2479,0,NONE,0
O2480,1,QUALITY_DEFECT,9
O2481,0,NONE,0
O2482,0,NONE,0
O2483,0,NONE,0
O2484,0,NONE,0
O2485,0,NONE,0
O2486,0,NONE,0
O2487,0,NONE,0
O2488,1,CHANGED_MIND,8
O2489,1,WRONG_ITEM,2
O2490,1,NO_LONGER_NEEDED,9
O2491,1,QUALITY_DEFECT,6
O2492,0,NONE,0
O2493,1,SIZE_FIT_ISSUE,6
O2494,1,DAMAGED_IN_TRANSIT,10
O2495,0,NONE,0
O2496,0,NONE,0
O2497,1,CHANGED_MIND,6
O2498,0,NONE,0
O2499,0,NONE,0
O2500,0,NONE,0
O2501,1,DELIVERY_DELAY,3
O2502,0,NONE,0
O2503,0,NONE,0
O2504,0,NONE,0
O2505,1,DAMAGED_IN_TRANSIT,3
O2506,1,NO_LONGER_NEEDED,10
O2507,1,NO_LONGER_NEEDED,5
O2508,1,SIZE_FIT_ISSUE,7
O2509,1,SIZE_FIT_ISSUE,5
O2510,0,NONE,0
O2511,0,NONE,0
O2512,0,NONE,0
O2513,0,NONE,0
O2514,0,NONE,0
O2515,0,NONE,0
O2516,0,NONE,0
O2517,0,NONE,0
O2518,1,WRONG_ITEM,7
O2519,0,NONE,0
O2520,0,NONE,0
O2521,1,CHANGED_MIND,10
O2522,0,NONE,0
O2523,0,NONE,0
O2524,0,NONE,0
O2525,0,NONE,0
O2526,1,SIZE_FIT_ISSUE,5
O2527,0,NONE,0
O2528,0,NONE,0
O2529,0,NONE,0
O2530,1,CHANGED_MIND,7
O2531,0,NONE,0
O2532,0,NONE,0
O2533,0,NONE,0
O2534,0,NONE,0
O2535,1,CHANGED_MIND,1
O2536,0,NONE,0
O2537,0,NONE,0
O2538,0,NONE,0
O2539,0,NONE,0
O2540,0,NONE,0
O2541,0,NONE,0
O2542,1,WRONG_ITEM,9
O2543,0,NONE,0
O2544,0,NONE,0
O2545,1,CHANGED_MIND,9
O2546,0,NONE,0
O2547,0,NONE,0
O2548,0,NONE,0
O2549,1,SIZE_FIT_ISSUE,7
O2550,0,NONE,0
O2551,0,NONE,0
O2552,1,SIZE_FIT_ISSUE,10
O2553,0,NONE,0
O2554,1,NO_LONGER_NEEDED,1
O2555,0,NONE,0
O2556,1,SIZE_FIT_ISSUE,3
O2557,0,NONE,0
O2558,0,NONE,0
O2559,0,NONE,0
O2560,1,NO_LONGER_NEEDED,8
O2561,0,NONE,0
O2562,0,NONE,0
O2563,1,CHANGED_MIND,1
O2564,1,QUALITY_DEFECT,9
O2565,0,NONE,0
O2566,1,NO_LONGER_NEEDED,6
O2567,0,NONE,0
O2568,0,NONE,0
O2569,1,WRONG_ITEM,4
O2570,0,NONE,0
O2571,0,NONE,0
O2572,0,NONE,0
O2573,0,NONE,0
O2574,0,NONE,0
O2575,1,NOT_AS_DESCRIBED,1
O2576,0,NONE,0
O2577,0,NONE,0
O2578,0,NONE,0
O2579,0,NONE,0
O2580,1,WRONG_ITEM,6
O2581,1,DAMAGED_IN_TRANSIT,8
O2582,0,NONE,0
O2583,0,NONE,0
O2584,0,NONE,0
O2585,0,NONE,0
O2586,1,WRONG_ITEM,3
O2587,1,NO_LONGER_NEEDED,1
O2588,0,NONE,0
O2589,1,DELIVERY_DELAY,4
O2590,1,DAMAGED_IN_TRANSIT,6
O2591,0,NONE,0
O2592,1,SIZE_FIT_ISSUE,10
O2593,0,NONE,0
O2594,1,SIZE_FIT_ISSUE,6
O2595,0,NONE,0
O2596,0,NONE,0
O2597,1,SIZE_FIT_ISSUE,8
O2598,0,NONE,0
O2599,0,NONE,0
O2600,1,NO_LONGER_NEEDED,8
O2601,0,NONE,0
O2602,1,WRONG_ITEM,9
O2603,1,SIZE_FIT_ISSUE,7
O2604,1,NO_LONGER_NEEDED,3
O2605,0,NONE,0
O2606,0,NONE,0
O2607,0,NONE,0
O2608,1,CHANGED_MIND,6
O2609,1,SIZE_FIT_ISSUE,2
O2610,1,SIZE_FIT_ISSUE,2
O2611,1,NOT_AS_DESCRIBED,4
O2612,0,NONE,0
O2613,1,NO_LONGER_NEEDED,2
O2614,0,NONE,0
O2615,1,WRONG_ITEM,9
O2616,0,NONE,0
O2617,0,NONE,0
O2618,0,NONE,0
O2619,0,NONE,0
O2620,0,NONE,0
O2621,0,NONE,0
O2622,0,NONE,0
O2623,0,NONE,0
O2624,1,WRONG_ITEM,2
O2625,1,WRONG_ITEM,8
O2626,1,CHANGED_MIND,5
O2627,1,NO_LONGER_NEEDED,6
O2628,1,DAMAGED_IN_TRANSIT,10
O2629,0,NONE,0
O2630,1,NO_LONGER_NEEDED,10
O2631,0,NONE,0
O2632,0,NONE,0
O2633,0,NONE,0
O2634,1,NO_LONGER_NEEDED,7
O2635,1,SIZE_FIT_ISSUE,8
O2636,1,SIZE_FIT_ISSUE,3
O2637,0,NONE,0
O2638,0,NONE,0
O2639,1,SIZE_FIT_ISSUE,6
O2640,0,NONE,0
O2641,1,CHANGED_MIND,9
O2642,0,NONE,0
O2643,0,NONE,0
O2644,0,NONE,0
O2645,0,NONE,0
O2646,0,NONE,0
O2647,0,NONE,0
O2648,1,SIZE_FIT_ISSUE,7
O2649,1,DAMAGED_IN_TRANSIT,10
O2650,0,NONE,0
O2651,0,NONE,0
O2652,1,SIZE_FIT_ISSUE,3
O2653,1,SIZE_FIT_ISSUE,5
O2654,0,NONE,0
O2655,1,WRONG_ITEM,4
O2656,0,NONE,0
O2657,0,NONE,0
O2658,0,NONE,0
O2659,1,WRONG_ITEM,6
O2660,0,NONE,0
O2661,0,NONE,0
O2662,0,NONE,0
O2663,0,NONE,0
O2664,0,NONE,0
O2665,0,NONE,0
O2666,0,NONE,0
O2667,0,NONE,0
O2668,0,NONE,0
O2669,0,NONE,0
O2670,0,NONE,0
O2671,0,NONE,0
O2672,0,NONE,0
O2673,0,NONE,0
O2674,1,SIZE_FIT_ISSUE,7
O2675,0,NONE,0
O2676,0,NONE,0
O2677,0,NONE,0
O2678,1,SIZE_FIT_ISSUE,4
O2679,0,NONE,0
O2680,1,SIZE_FIT_ISSUE,8
O2681,0,NONE,0
O2682,0,NONE,0
O2683,0,NONE,0
O2684,1,SIZE_FIT_ISSUE,10
O2685,1,QUALITY_DEFECT,9
O2686,0,NONE,0
O2687,1,SIZE_FIT_ISSUE,4
O2688,0,NONE,0
O2689,1,QUALITY_DEFECT,9
O2690,0,NONE,0
O2691,0,NONE,0
O2692,1,WRONG_ITEM,5
O2693,0,NONE,0
O2694,1,NOT_AS_DESCRIBED,4
O2695,0,NONE,0
O2696,1,NOT_AS_DESCRIBED,4
O2697,0,NONE,0
O2698,0,NONE,0
O2699,0,NONE,0
O2700,0,NONE,0
O2701,0,NONE,0
O2702,0,NONE,0
O2703,1,WRONG_ITEM,7
O2704,0,NONE,0
O2705,1,SIZE_FIT_ISSUE,9
O2706,0,NONE,0
O2707,1,SIZE_FIT_ISSUE,1
O2708,0,NONE,0
O2709,0,NONE,0
O2710,0,NONE,0
O2711,0,NONE,0
O2712,1,SIZE_FIT_ISSUE,5
O2713,0,NONE,0
O2714,0,NONE,0
O2715,0,NONE,0
O2716,1,DELIVERY_DELAY,5
O2717,0,NONE,0
O2718,1,NOT_AS_DESCRIBED,9
O2719,0,NONE,0
O2720,1,DAMAGED_IN_TRANSIT,1
O2721,0,NONE,0
O2722,0,NONE,0
O2723,1,SIZE_FIT_ISSUE,2
O2724,0,NONE,0
O2725,1,NO_LONGER_NEEDED,6
O2726,0,NONE,0
O2727,0,NONE,0
O2728,1,NO_LONGER_NEEDED,5
O2729,0,NONE,0
O2730,0,NONE,0
O2731,0,NONE,0
O2732,0,NONE,0
O2733,1,CHANGED_MIND,10
O2734,0,NONE,0
O2735,0,NONE,0
O2736,0,NONE,0
O2737,0,NONE,0
O2738,0,NONE,0
O2739,0,NONE,0
O2740,0,NONE,0
O2741,0,NONE,0
O2742,1,QUALITY_DEFECT,5
O2743,1,CHANGED_MIND,7
O2744,1,SIZE_FIT_ISSUE,10
O2745,0,NONE,0
O2746,1,CHANGED_MIND,8
O2747,1,CHANGED_MIND,2
O2748,0,NONE,0
O2749,0,NONE,0
O2750,0,NONE,0
O2751,0,NONE,0
O2752,0,NONE,0
O2753,1,SIZE_FIT_ISSUE,3
O2754,0,NONE,0
O2755,1,NO_LONGER_NEEDED,3
O2756,0,NONE,0
O2757,0,NONE,0
O2758,1,CHANGED_MIND,9
O2759,1,SIZE_FIT_ISSUE,7
O2760,0,NONE,0
O2761,0,NONE,0
O2762,1,SIZE_FIT_ISSUE,7
O2763,1,DAMAGED_IN_TRANSIT,8
O2764,0,NONE,0
O2765,1,WRONG_ITEM,5
O2766,0,NONE,0
O2767,0,NONE,0
O2768,0,NONE,0
O2769,0,NONE,0
O2770,1,DAMAGED_IN_TRANSIT,8
O2771,0,NONE,0
O2772,1,DAMAGED_IN_TRANSIT,6
O2773,1,CHANGED_MIND,5
O2774,1,DAMAGED_IN_TRANSIT,2
O2775,0,NONE,0
O2776,0,NONE,0
O2777,0,NONE,0
O2778,1,SIZE_FIT_ISSUE,8
O2779,1,WRONG_ITEM,6
O2780,0,NONE,0
O2781,0,NONE,0
O2782,0,NONE,0
O2783,0,NONE,0
O2784,0,NONE,0
O2785,0,NONE,0
O2786,0,NONE,0
O2787,1,QUALITY_DEFECT,5
O2788,0,NONE,0
O2789,0,NONE,0
O2790,1,WRONG_ITEM,6
O2791,0,NONE,0
O2792,0,NONE,0
O2793,0,NONE,0
O2794,0,NONE,0
O2795,1,CHANGED_MIND,7
O2796,0,NONE,0
O2797,0,NONE,0
O2798,0,NONE,0
O2799,0,NONE,0
O2800,1,NO_LONGER_NEEDED,3
O2801,0,NONE,0
O2802,0,NONE,0
O2803,0,NONE,0
O2804,0,NONE,0
O2805,0,NONE,0
O2806,0,NONE,0
O2807,0,NONE,0
O2808,0,NONE,0
O2809,0,NONE,0
O2810,0,NONE,0
O2811,0,NONE,0
O2812,0,NONE,0
O2813,0,NONE,0
O2814,1,SIZE_FIT_ISSUE,6
O2815,0,NONE,0
O2816,0,NONE,0
O2817,0,NONE,0
O2818,0,NONE,0
O2819,1,WRONG_ITEM,4
O2820,0,NONE,0
O2821,0,NONE,0
O2822,0,NONE,0
O2823,0,NONE,0
O2824,1,WRONG_ITEM,2
O2825,0,NONE,0
O2826,1,SIZE_FIT_ISSUE,1
O2827,0,NONE,0
O2828,1,SIZE_FIT_ISSUE,7
O2829,0,NONE,0
O2830,0,NONE,0
O2831,1,NO_LONGER_NEEDED,7
O2832,1,QUALITY_DEFECT,2
O2833,0,NONE,0
O2834,0,NONE,0
O2835,1,SIZE_FIT_ISSUE,7
O2836,0,NONE,0
O2837,0,NONE,0
O2838,1,WRONG_ITEM,9
O2839,0,NONE,0
O2840,0,NONE,0
O2841,1,NOT_AS_DESCRIBED,4
O2842,0,NONE,0
O2843,0,NONE,0
O2844,1,SIZE_FIT_ISSUE,7
O2845,0,NONE,0
O2846,1,WRONG_ITEM,2
O2847,0,NONE,0
O2848,0,NONE,0
O2849,0,NONE,0
O2850,0,NONE,0
O2851,0,NONE,0
O2852,1,DAMAGED_IN_TRANSIT,6
O2853,1,QUALITY_DEFECT,7
O2854,1,DAMAGED_IN_TRANSIT,1
O2855,0,NONE,0
O2856,0,NONE,0
O2857,1,SIZE_FIT_ISSUE,8
O2858,0,NONE,0
O2859,1,QUALITY_DEFECT,4
O2860,0,NONE,0
O2861,0,NONE,0
O2862,1,NO_LONGER_NEEDED,4
O2863,0,NONE,0
O2864,0,NONE,0
O2865,1,NO_LONGER_NEEDED,4
O2866,0,NONE,0
O2867,1,SIZE_FIT_ISSUE,4
O2868,0,NONE,0
O2869,0,NONE,0
O2870,1,CHANGED_MIND,2
O2871,0,NONE,0
O2872,1,SIZE_FIT_ISSUE,1
O2873,0,NONE,0
O2874,0,NONE,0
O2875,1,DAMAGED_IN_TRANSIT,7
O2876,0,NONE,0
O2877,1,DAMAGED_IN_TRANSIT,5
O2878,0,NONE,0
O2879,1,WRONG_ITEM,5
O2880,0,NONE,0
O2881,0,NONE,0
O2882,0,NONE,0
O2883,0,NONE,0
O2884,0,NONE,0
O2885,0,NONE,0
O2886,1,CHANGED_MIND,3
O2887,1,DAMAGED_IN_TRANSIT,10
O2888,0,NONE,0
O2889,0,NONE,0
O2890,1,DAMAGED_IN_TRANSIT,10
O2891,0,NONE,0
O2892,0,NONE,0
O2893,0,NONE,0
O2894,1,DAMAGED_IN_TRANSIT,4
O2895,1,WRONG_ITEM,5
O2896,0,NONE,0
O2897,0,NONE,0
O2898,0,NONE,0
O2899,1,SIZE_FIT_ISSUE,6
O2900,0,NONE,0
O2901,1,DAMAGED_IN_TRANSIT,5
O2902,1,DAMAGED_IN_TRANSIT,10
O2903,0,NONE,0
O2904,1,QUALITY_DEFECT,2
O2905,0,NONE,0
O2906,1,NOT_AS_DESCRIBED,1
O2907,1,QUALITY_DEFECT,5
O2908,0,NONE,0
O2909,1,WRONG_ITEM,7
O2910,0,NONE,0
O2911,1,QUALITY_DEFECT,9
O2912,1,WRONG_ITEM,5
O2913,0,NONE,0
O2914,0,NONE,0
O2915,1,WRONG_ITEM,10
O2916,0,NONE,0
O2917,1,SIZE_FIT_ISSUE,7
O2918,0,NONE,0
O2919,1,SIZE_FIT_ISSUE,1
O2920,1,WRONG_ITEM,4
O2921,0,NONE,0
O2922,1,DAMAGED_IN_TRANSIT,6
O2923,0,NONE,0
O2924,0,NONE,0
O2925,1,WRONG_ITEM,3
O2926,0,NONE,0
O2927,0,NONE,0
O2928,0,NONE,0
O2929,0,NONE,0
O2930,1,CHANGED_MIND,10
O2931,0,NONE,0
O2932,0,NONE,0
O2933,0,NONE,0
O2934,0,NONE,0
O2935,0,NONE,0
O2936,0,NONE,0
O2937,1,DAMAGED_IN_TRANSIT,3
O2938,0,NONE,0
O2939,0,NONE,0
O2940,0,NONE,0
O2941,1,WRONG_ITEM,8
O2942,0,NONE,0
O2943,0,NONE,0
O2944,0,NONE,0
O2945,1,SIZE_FIT_ISSUE,2
O2946,1,CHANGED_MIND,8
O2947,0,NONE,0
O2948,1,NOT_AS_DESCRIBED,2
O2949,0,NONE,0
O2950,0,NONE,0
O2951,0,NONE,0
O2952,1,QUALITY_DEFECT,3
O2953,0,NONE,0
O2954,0,NONE,0
O2955,0,NONE,0
O2956,0,NONE,0
O2957,0,NONE,0
O2958,1,WRONG_ITEM,9
O2959,0,NONE,0
O2960,0,NONE,0
O2961,0,NONE,0
O2962,1,SIZE_FIT_ISSUE,3
O2963,0,NONE,0
O2964,0,NONE,0
O2965,0,NONE,0
O2966,0,NONE,0
O2967,0,NONE,0
O2968,0,NONE,0
O2969,1,NO_LONGER_NEEDED,1
O2970,0,NONE,0
O2971,0,NONE,0
O2972,0,NONE,0
O2973,1,SIZE_FIT_ISSUE,7
O2974,0,NONE,0
O2975,0,NONE,0
O2976,1,NO_LONGER_NEEDED,5
O2977,0,NONE,0
O2978,0,NONE,0
O2979,0,NONE,0
O2980,0,NONE,0
O2981,0,NONE,0
O2982,0,NONE,0
O2983,0,NONE,0
O2984,0,NONE,0
O2985,1,WRONG_ITEM,3
O2986,1,WRONG_ITEM,6
O2987,0,NONE,0
O2988,1,SIZE_FIT_ISSUE,3
O2989,1,NO_LONGER_NEEDED,5
O2990,0,NONE,0
O2991,1,SIZE_FIT_ISSUE,4
O2992,1,DAMAGED_IN_TRANSIT,4
O2993,0,NONE,0
O2994,1,QUALITY_DEFECT,10
O2995,0,NONE,0
O2996,1,WRONG_ITEM,6
O2997,0,NONE,0
O2998,0,NONE,0
O2999,0,NONE,0
O3000,0,NONE,0
